#FILE,SEQUENCE,START,END,STRAND,GENE,COVERAGE,COVERAGE_MAP,GAPS,%COVERAGE,%IDENTITY,DATABASE,ACCESSION,PRODUCT,RESISTANCE
Pontiac.fasta,NZ_CP016029.2,14681,16258,-,cegC1,1-1578/1578,===============,0/0,100.00,97.59,vfdb,YP_094067,(cegC1) Dot/Icm type IV secretion system effector CegC1 zinc metallophospholipase C [Dot/Icm (SS047)] [Legionella pneumophila subsp. pneumophila str. Philadelphia 1],
Pontiac.fasta,NZ_CP016029.2,45303,46825,-,ankQ/legA10,2-1524/1524,===============,0/0,99.93,96.32,vfdb,YP_094093,(ankQ/legA10) Dot/Icm type IV secretion system effector AnkQ/LegA10 [Dot/Icm (SS047)] [Legionella pneumophila subsp. pneumophila str. Philadelphia 1],
Pontiac.fasta,NZ_CP016029.2,50832,51044,-,lpg0045,1-213/213,===============,0/0,100.00,96.71,vfdb,YP_094100,(lpg0045) Dot/Icm type IV secretion system effector  [Dot/Icm (SS047)] [Legionella pneumophila subsp. pneumophila str. Philadelphia 1],
Pontiac.fasta,NZ_CP016029.2,96170,100144,+,lem1,1-3975/3975,===============,0/0,100.00,97.08,vfdb,YP_094144,(lem1) Dot/Icm type IV secretion system effector Lem1 [Dot/Icm (SS047)] [Legionella pneumophila subsp. pneumophila str. Philadelphia 1],
Pontiac.fasta,NZ_CP016029.2,107713,108906,+,ceg4,1-1194/1194,===============,0/0,100.00,96.40,vfdb,YP_094150,(ceg4) Dot/Icm type IV secretion system effector Ceg4 [Dot/Icm (SS047)] [Legionella pneumophila subsp. pneumophila str. Philadelphia 1],
Pontiac.fasta,NZ_CP016029.2,116151,117011,-,vipF,1-861/861,===============,0/0,100.00,98.03,vfdb,YP_094157,(vipF) Dot/Icm type IV secretion system effector VipF [Dot/Icm (VF0156)] [Legionella pneumophila subsp. pneumophila str. Philadelphia 1],
Pontiac.fasta,NZ_CP016029.2,141305,144616,+,cegC2,1-3309/3309,========/======,1/3,100.00,97.49,vfdb,YP_094180,(cegC2) Dot/Icm type IV secretion system effector CegC2 [Dot/Icm (SS047)] [Legionella pneumophila subsp. pneumophila str. Philadelphia 1],
Pontiac.fasta,NZ_CP016029.2,155370,160997,-,sdhB,1-5628/5628,===============,0/0,100.00,92.34,vfdb,YP_094189,(sdhB) Dot/Icm type IV secretion system effector SdhB [Dot/Icm (SS047)] [Legionella pneumophila subsp. pneumophila str. Philadelphia 1],
Pontiac.fasta,NZ_CP016029.2,253519,254085,-,legU1,1-567/567,===============,0/0,100.00,95.59,vfdb,YP_094225,(legU1) Dot/Icm type IV secretion system effector LegU1 U-box E3 ubiquitin ligase [Dot/Icm (SS047)] [Legionella pneumophila subsp. pneumophila str. Philadelphia 1],
Pontiac.fasta,NZ_CP016029.2,254275,255000,+,lpg0172,1-726/726,===============,0/0,100.00,96.42,vfdb,YP_094226,(lpg0172) Dot/Icm type IV secretion system effector [Dot/Icm (VF0156)] [Legionella pneumophila subsp. pneumophila str. Philadelphia 1],
Pontiac.fasta,NZ_CP016029.2,264098,265009,+,lpg0181,1-912/912,===============,0/0,100.00,89.91,vfdb,YP_094235,(lpg0181) Dot/Icm type IV secretion system effector [Dot/Icm (VF0156)] [Legionella pneumophila subsp. pneumophila str. Philadelphia 1],
Pontiac.fasta,NZ_CP016029.2,277036,277989,+,ceg5,1-954/954,===============,0/0,100.00,97.80,vfdb,YP_094245,(ceg5) Dot/Icm type IV secretion system effector Ceg5 [Dot/Icm (SS047)] [Legionella pneumophila subsp. pneumophila str. Philadelphia 1],
Pontiac.fasta,NZ_CP016029.2,278224,280473,-,katA,1-2250/2250,===============,0/0,100.00,98.40,vfdb,YP_094248,(katA) catalase/(hydro)peroxidase [KatAB (VF0168)] [Legionella pneumophila subsp. pneumophila str. Philadelphia 1],
Pontiac.fasta,NZ_CP016029.2,280603,281607,-,ravE,1-1005/1005,===============,0/0,100.00,91.74,vfdb,YP_094249,(ravE) Dot/Icm type IV secretion system effector RavE [Dot/Icm (VF0156)] [Legionella pneumophila subsp. pneumophila str. Philadelphia 1],
Pontiac.fasta,NZ_CP016029.2,281895,283167,-,ravF,3-1275/1275,===============,0/0,99.84,87.98,vfdb,YP_094250,(ravF) Dot/Icm type IV secretion system effector RavF [Dot/Icm (VF0156)] [Legionella pneumophila subsp. pneumophila str. Philadelphia 1],
Pontiac.fasta,NZ_CP016029.2,297548,298171,+,ravG,1-624/624,===============,0/0,100.00,97.44,vfdb,YP_094264,(ravG) Dot/Icm type IV secretion system effector RavG [Dot/Icm (VF0156)] [Legionella pneumophila subsp. pneumophila str. Philadelphia 1],
Pontiac.fasta,NZ_CP016029.2,314754,315860,+,ceg7,1-1107/1107,===============,0/0,100.00,93.31,vfdb,YP_094281,(ceg7) Dot/Icm type IV secretion system effector Ceg7 [Dot/Icm (SS047)] [Legionella pneumophila subsp. pneumophila str. Philadelphia 1],
Pontiac.fasta,NZ_CP016029.2,326886,331433,-,sidE/laiD,1-4545/4545,========/======,1/3,100.00,95.65,vfdb,YP_094288,(sidE/laiD) Dot/Icm type IV secretion system effector SidE [Dot/Icm (VF0156)] [Legionella pneumophila subsp. pneumophila str. Philadelphia 1],
Pontiac.fasta,NZ_CP016029.2,349089,349814,+,ceg9,1-726/726,===============,0/0,100.00,98.07,vfdb,YP_094300,(ceg9) Dot/Icm Type IV secretion system effector Ceg9 manipulating host cell vesicle trafficking factors [Dot/Icm (SS047)] [Legionella pneumophila subsp. pneumophila str. Philadelphia 1],
Pontiac.fasta,NZ_CP016029.2,358992,359984,+,lpg0257,1-993/993,===============,0/0,100.00,97.48,vfdb,YP_094311,(lpg0257) Dot/Icm type IV secretion system effector [Dot/Icm (VF0156)] [Legionella pneumophila subsp. pneumophila str. Philadelphia 1],
Pontiac.fasta,NZ_CP016029.2,365103,365501,+,lpg0260,1-399/399,===============,0/0,100.00,93.73,vfdb,YP_094314,(lpg0260) Dot/Icm type IV secretion system effector [Dot/Icm (VF0156)] [Legionella pneumophila subsp. pneumophila str. Philadelphia 1],
Pontiac.fasta,NZ_CP016029.2,382574,385924,+,sdbA,1-3351/3351,===============,0/0,100.00,96.48,vfdb,YP_094329,(sdbA) Dot/Icm type IV secretion system effector SdbA [Dot/Icm (SS047)] [Legionella pneumophila subsp. pneumophila str. Philadelphia 1],
Pontiac.fasta,NZ_CP016029.2,386058,387556,+,legG2,1-1499/1500,===============,0/0,99.93,96.00,vfdb,YP_094330,(legG2) Dot/Icm type IV secretion system effector LegG2 [Dot/Icm (SS047)] [Legionella pneumophila subsp. pneumophila str. Philadelphia 1],
Pontiac.fasta,NZ_CP016029.2,399387,400511,-,ceg10,1-1125/1125,===============,0/0,100.00,97.42,vfdb,YP_094338,(ceg10) Dot/Icm type IV secretion system effector Ceg10 [Dot/Icm (SS047)] [Legionella pneumophila subsp. pneumophila str. Philadelphia 1],
Pontiac.fasta,NZ_CP016029.2,400749,401431,+,lem2,2-684/684,===============,0/0,99.85,96.49,vfdb,YP_094339,(lem2) Dot/Icm type IV secretion system effector Lem2 [Dot/Icm (SS047)] [Legionella pneumophila subsp. pneumophila str. Philadelphia 1],
Pontiac.fasta,NZ_CP016029.2,412769,413461,+,lpg0294,1-693/693,===============,0/0,100.00,96.68,vfdb,YP_094348,(lpg0294) Dot/Icm type IV secretion system effector [Dot/Icm (SS047)] [Legionella pneumophila subsp. pneumophila str. Philadelphia 1],
Pontiac.fasta,NZ_CP016029.2,466000,466305,-,lpg0364,1-306/306,===============,0/0,100.00,98.04,vfdb,YP_094408,(lpg0364) Dot/Icm type IV secretion system effector [Dot/Icm (VF0156)] [Legionella pneumophila subsp. pneumophila str. Philadelphia 1],
Pontiac.fasta,NZ_CP016029.2,466481,469171,-,lpg0365,1-2691/2691,===============,0/0,100.00,98.25,vfdb,YP_094409,(lpg0365) Dot/Icm type IV secretion system effector [Dot/Icm (SS047)] [Legionella pneumophila subsp. pneumophila str. Philadelphia 1],
Pontiac.fasta,NZ_CP016029.2,475991,476590,+,lpg0375,1-600/600,===============,0/0,100.00,97.50,vfdb,YP_094419,(lpg0375) Dot/Icm type IV secretion system effector [Dot/Icm (VF0156)] [Legionella pneumophila subsp. pneumophila str. Philadelphia 1],
Pontiac.fasta,NZ_CP016029.2,476630,480919,-,sdhA,1-4290/4290,===============,0/0,100.00,98.67,vfdb,YP_094420,(sdhA) Dot/Icm type IV secretion system effector SdhA [Dot/Icm (SS047)] [Legionella pneumophila subsp. pneumophila str. Philadelphia 1],
Pontiac.fasta,NZ_CP016029.2,493802,494860,-,vipA,1-1059/1059,===============,0/0,100.00,97.83,vfdb,YP_094434,(vipA) Dot/Icm type IV secretion system effector VipA actin nucleator [Dot/Icm (VF0156)] [Legionella pneumophila subsp. pneumophila str. Philadelphia 1],
Pontiac.fasta,NZ_CP016029.2,502068,502742,-,legA7,1-675/675,===============,0/0,100.00,96.59,vfdb,YP_094445,(legA7) Dot/Icm type IV secretion system effector LegA7 [Dot/Icm (VF0156)] [Legionella pneumophila subsp. pneumophila str. Philadelphia 1],
Pontiac.fasta,NZ_CP016029.2,504195,505739,+,ankG/ankZ/legA7,1-1545/1545,===============,0/0,100.00,96.57,vfdb,YP_094447,(ankG/ankZ/legA7) Dot/Icm type IV secretion system effector AnkG/AnkZ/LegA7 [Dot/Icm (SS047)] [Legionella pneumophila subsp. pneumophila str. Philadelphia 1],
Pontiac.fasta,NZ_CP016029.2,507469,508059,+,lpg0405,1-591/591,===============,0/0,100.00,96.62,vfdb,YP_094449,(lpg0405) Dot/Icm type IV secretion system effector [Dot/Icm (VF0156)] [Legionella pneumophila subsp. pneumophila str. Philadelphia 1],
Pontiac.fasta,NZ_CP016029.2,523396,524745,-,legY,1-1350/1350,===============,0/0,100.00,98.44,vfdb,YP_094466,(legY) Dot/Icm type IV secretion system effector LegY [Dot/Icm (VF0156)] [Legionella pneumophila subsp. pneumophila str. Philadelphia 1],
Pontiac.fasta,NZ_CP016029.2,534695,535504,-,ankJ/legA11,1-810/810,===============,0/0,100.00,92.72,vfdb,YP_094480,(ankJ/legA11) Dot/Icm type IV secretion system effector AnkJ/LegA11 [Dot/Icm (SS047)] [Legionella pneumophila subsp. pneumophila str. Philadelphia 1],
Pontiac.fasta,NZ_CP016029.2,535766,537766,+,ceg14/sidL,1-2001/2001,===============,0/0,100.00,94.25,vfdb,YP_094481,(ceg14/sidL) Dot/Icm type IV secretion system effector Ceg14/SidL [Dot/Icm (SS047)] [Legionella pneumophila subsp. pneumophila str. Philadelphia 1],
Pontiac.fasta,NZ_CP016029.2,538592,539642,-,ceg15,1-1050/1050,========/======,1/1,100.00,95.81,vfdb,YP_094483,(ceg15) Dot/Icm type IV secretion system effector Ceg15 [Dot/Icm (VF0156)] [Legionella pneumophila subsp. pneumophila str. Philadelphia 1],
Pontiac.fasta,NZ_CP016029.2,540117,540377,+,icmT,1-261/261,===============,0/0,100.00,98.85,vfdb,YP_094485,(icmT) Dot/Icm type IV secretion system protein IcmT [Dot/Icm (VF0156)] [Legionella pneumophila subsp. pneumophila str. Philadelphia 1],
Pontiac.fasta,NZ_CP016029.2,540378,540722,+,icmS,1-345/345,===============,0/0,100.00,98.55,vfdb,YP_094486,(icmS) Dot/Icm type IV secretion system chaperone IcmS [Dot/Icm (VF0156)] [Legionella pneumophila subsp. pneumophila str. Philadelphia 1],
Pontiac.fasta,NZ_CP016029.2,540822,541184,+,icmR,1-363/363,===============,0/0,100.00,96.97,vfdb,YP_094487,(icmR) Dot/Icm type IV secretion system protein IcmR [Dot/Icm (VF0156)] [Legionella pneumophila subsp. pneumophila str. Philadelphia 1],
Pontiac.fasta,NZ_CP016029.2,541251,541850,+,icmQ,1-600/600,===============,0/0,100.00,97.67,vfdb,YP_094488,(icmQ) Dot/Icm type IV secretion system protein IcmQ plays a critical role in the translocase and associates with IcmR [Dot/Icm (VF0156)] [Legionella pneumophila subsp. pneumophila str. Philadelphia 1],
Pontiac.fasta,NZ_CP016029.2,542025,543167,+,icmP/dotM,1-1143/1143,===============,0/0,100.00,99.04,vfdb,YP_094489,(icmP/dotM) Dot/Icm type IV secretion system protein IcmP/DotM [Dot/Icm (VF0156)] [Legionella pneumophila subsp. pneumophila str. Philadelphia 1],
Pontiac.fasta,NZ_CP016029.2,543164,545515,+,icmO/dotL,1-2352/2352,===============,0/0,100.00,98.04,vfdb,YP_094490,(icmO/dotL) Dot/Icm type IV secretion system coupling protein IcmO/DotL [Dot/Icm (VF0156)] [Legionella pneumophila subsp. pneumophila str. Philadelphia 1],
Pontiac.fasta,NZ_CP016029.2,545919,546488,+,icmN/dotK,1-570/570,===============,0/0,100.00,98.95,vfdb,YP_094491,(icmN/dotK) Dot/Icm type IV secretion system protein IcmN/DotK [Dot/Icm (VF0156)] [Legionella pneumophila subsp. pneumophila str. Philadelphia 1],
Pontiac.fasta,NZ_CP016029.2,546500,546784,+,icmM/dotJ,1-285/285,===============,0/0,100.00,98.60,vfdb,YP_094492,(icmM/dotJ) Dot/Icm type IV secretion system inner membrane complex IcmM/DotJ [Dot/Icm (VF0156)] [Legionella pneumophila subsp. pneumophila str. Philadelphia 1],
Pontiac.fasta,NZ_CP016029.2,546800,547438,+,icmL/dotI,1-639/639,===============,0/0,100.00,99.84,vfdb,YP_094493,(icmL/dotI) Dot/Icm type IV secretion system inner membrane complex IcmL/DotI [Dot/Icm (VF0156)] [Legionella pneumophila subsp. pneumophila str. Philadelphia 1],
Pontiac.fasta,NZ_CP016029.2,547438,548523,+,icmK/dotH,1-1086/1086,===============,0/0,100.00,95.03,vfdb,YP_094494,(icmK/dotH) Dot/Icm type IV secretion system outer membrane subcomplex protein IcmK/DotH [Dot/Icm (VF0156)] [Legionella pneumophila subsp. pneumophila str. Philadelphia 1],
Pontiac.fasta,NZ_CP016029.2,548528,551674,+,icmE/dotG,1-3147/3147,===============,0/0,100.00,93.87,vfdb,YP_094495,(icmE/dotG) Dot/Icm type IV secretion system central channel protein IcmE/DotG [Dot/Icm (VF0156)] [Legionella pneumophila subsp. pneumophila str. Philadelphia 1],
Pontiac.fasta,NZ_CP016029.2,551689,552498,+,icmG/dotF,1-810/810,===============,0/0,100.00,98.39,vfdb,YP_094496,(icmG/dotF) Dot/Icm type IV secretion system core complex protein IcmG/DotF [Dot/Icm (VF0156)] [Legionella pneumophila subsp. pneumophila str. Philadelphia 1],
Pontiac.fasta,NZ_CP016029.2,552506,553090,+,icmC/dotE,1-585/585,===============,0/0,100.00,99.66,vfdb,YP_094497,(icmC/dotE) Dot/Icm type IV secretion system protein IcmC/DotE [Dot/Icm (VF0156)] [Legionella pneumophila subsp. pneumophila str. Philadelphia 1],
Pontiac.fasta,NZ_CP016029.2,553233,553514,+,icmD/dotP,1-282/282,===============,0/0,100.00,98.58,vfdb,YP_094498,(icmD/dotP) Dot/Icm type IV secretion system protein IcmD/DotP [Dot/Icm (VF0156)] [Legionella pneumophila subsp. pneumophila str. Philadelphia 1],
Pontiac.fasta,NZ_CP016029.2,553694,554338,+,icmJ/dotN,1-645/645,===============,0/0,100.00,98.92,vfdb,YP_094499,(icmJ/dotN) Dot/Icm type IV secretion system protein IcmJ/DotN [Dot/Icm (VF0156)] [Legionella pneumophila subsp. pneumophila str. Philadelphia 1],
Pontiac.fasta,NZ_CP016029.2,554374,557403,+,icmB/dotO,1-3030/3030,===============,0/0,100.00,98.05,vfdb,YP_094500,(icmB/dotO) Dot/Icm type IV secretion system protein IcmB/DotO [Dot/Icm (VF0156)] [Legionella pneumophila subsp. pneumophila str. Philadelphia 1],
Pontiac.fasta,NZ_CP016029.2,558760,561681,-,icmF,1-2922/2922,===============,0/0,100.00,98.19,vfdb,YP_094502,(icmF) Dot/Icm type IV secretion system protein IcmF [Dot/Icm (VF0156)] [Legionella pneumophila subsp. pneumophila str. Philadelphia 1],
Pontiac.fasta,NZ_CP016029.2,561681,562466,-,icmH/dotU,1-786/786,===============,0/0,100.00,99.36,vfdb,YP_094503,(icmH/dotU) Dot/Icm type IV secretion system protein IcmH/DotU [Dot/Icm (VF0156)] [Legionella pneumophila subsp. pneumophila str. Philadelphia 1],
Pontiac.fasta,NZ_CP016029.2,575945,576487,+,dotV,1-543/543,===============,0/0,100.00,99.63,vfdb,YP_094516,(dotV) Dot/Icm type IV secretion system protein DotV (IcmC-like) [Dot/Icm (SS047)] [Legionella pneumophila subsp. pneumophila str. Philadelphia 1],
Pontiac.fasta,NZ_CP016029.2,584522,586009,+,ankC/legA12,1-1488/1488,===============,0/0,100.00,97.78,vfdb,YP_094527,(ankC/legA12) Dot/Icm type IV secretion system effector AnkC/LegA12 [Dot/Icm (SS047)] [Legionella pneumophila subsp. pneumophila str. Philadelphia 1],
Pontiac.fasta,NZ_CP016029.2,617213,618145,+,legD2,1-933/933,===============,0/0,100.00,98.07,vfdb,YP_094559,(legD2) Dot/Icm type IV secretion system effector LegD2 [Dot/Icm (VF0156)] [Legionella pneumophila subsp. pneumophila str. Philadelphia 1],
Pontiac.fasta,NZ_CP016029.2,620252,621100,-,lpg0518,1-849/849,===============,0/0,100.00,97.88,vfdb,YP_094562,(lpg0518) Dot/Icm type IV secretion system effector  [Dot/Icm (SS047)] [Legionella pneumophila subsp. pneumophila str. Philadelphia 1],
Pontiac.fasta,NZ_CP016029.2,626058,626684,+,lvgA,1-627/627,===============,0/0,100.00,95.69,vfdb,YP_094568,(lvgA) Dot/Icm type IV secretion system effector LvgA virulence protein [Dot/Icm (VF0156)] [Legionella pneumophila subsp. pneumophila str. Philadelphia 1],
Pontiac.fasta,NZ_CP016029.2,641407,642690,+,phtA,1-1284/1284,===============,0/0,100.00,98.36,vfdb,YP_094583,(phtA) major facilitator family transporter phagosomal transporter [Pht (VF0337)] [Legionella pneumophila subsp. pneumophila str. Philadelphia 1],
Pontiac.fasta,NZ_CP016029.2,711581,712672,+,omp28,1-1092/1092,===============,0/0,100.00,98.99,vfdb,YP_094653,(omp28) major outer membrane protein [MOMP (VF0161)] [Legionella pneumophila subsp. pneumophila str. Philadelphia 1],
Pontiac.fasta,NZ_CP016029.2,715269,716693,-,sidA,1-1425/1425,===============,0/0,100.00,95.65,vfdb,YP_094657,(sidA) Dot/Icm type IV secretion system effector SidA [Dot/Icm (VF0156)] [Legionella pneumophila subsp. pneumophila str. Philadelphia 1],
Pontiac.fasta,NZ_CP016029.2,723634,724083,-,pilE3,1-450/450,===============,0/0,100.00,96.22,vfdb,YP_094663,(pilE3) type IV pilus pilin [type IV pili (AI111)] [Legionella pneumophila subsp. pneumophila str. Philadelphia 1],
Pontiac.fasta,NZ_CP016029.2,724095,727613,-,pilY1,1-3519/3519,===============,0/0,100.00,89.14,vfdb,YP_094664,(pilY1) type IV pilus biogenesis PilY1-related protein [type IV pili (AI111)] [Legionella pneumophila subsp. pneumophila str. Philadelphia 1],
Pontiac.fasta,NZ_CP016029.2,727617,728129,-,pilX,1-513/513,===============,0/0,100.00,96.69,vfdb,YP_094665,(pilX) type IV pilus assembly protein PilX [type IV pili (AI111)] [Legionella pneumophila subsp. pneumophila str. Philadelphia 1],
Pontiac.fasta,NZ_CP016029.2,728126,729193,-,pilW,1-1068/1068,===============,0/0,100.00,97.47,vfdb,YP_094666,(pilW) type IV fimbrial biogenesis protein PilW [type IV pili (AI111)] [Legionella pneumophila subsp. pneumophila str. Philadelphia 1],
Pontiac.fasta,NZ_CP016029.2,729190,729729,-,pilV,1-540/540,===============,0/0,100.00,99.07,vfdb,YP_094667,(pilV) type IV pilus biogenesis protein PilV [type IV pili (AI111)] [Legionella pneumophila subsp. pneumophila str. Philadelphia 1],
Pontiac.fasta,NZ_CP016029.2,729742,730449,-,fimT,1-708/708,===============,0/0,100.00,97.03,vfdb,YP_094668,(fimT) type IV pilus biogenesis protein FimT [type IV pili (AI111)] [Legionella pneumophila subsp. pneumophila str. Philadelphia 1],
Pontiac.fasta,NZ_CP016029.2,731706,733055,-,lpg0634,1-1350/1350,===============,0/0,100.00,98.81,vfdb,YP_094670,(lpg0634) Dot/Icm type IV secretion system effector  [Dot/Icm (SS047)] [Legionella pneumophila subsp. pneumophila str. Philadelphia 1],
Pontiac.fasta,NZ_CP016029.2,741659,743233,+,wipB,1-1575/1575,===============,0/0,100.00,94.41,vfdb,YP_094678,(wipB) Dot/Icm type IV secretion system effector WipB [Dot/Icm (VF0156)] [Legionella pneumophila subsp. pneumophila str. Philadelphia 1],
Pontiac.fasta,NZ_CP016029.2,767162,769213,+,rtxA,16-2046/2046,========/======,8/21,99.27,92.45,vfdb,YP_094681,(rtxA) structural toxin protein RtxA [RtxA (VF0259)] [Legionella pneumophila subsp. pneumophila str. Philadelphia 1],
Pontiac.fasta,NZ_CP016029.2,818706,820358,+,htpB,1-1653/1653,===============,0/0,100.00,98.91,vfdb,YP_094724,(htpB) Hsp60 60K heat shock protein HtpB [Hsp60 (VF0159)] [Legionella pneumophila subsp. pneumophila str. Philadelphia 1],
Pontiac.fasta,NZ_CP016029.2,828511,832794,+,ligA,1-4281/4281,========/======,1/3,100.00,97.15,vfdb,YP_094729,(ligA) LigA interaptin [LigA (VF0165)] [Legionella pneumophila subsp. pneumophila str. Philadelphia 1],
Pontiac.fasta,NZ_CP016029.2,835023,837872,+,ankN/ankX/legA8,1-2850/2850,===============,0/0,100.00,98.95,vfdb,YP_094731,(ankN/ankX/legA8) Dot/Icm Type IV secretion system effector AnkX ankyrin repeat-containing protein phosphoryl transferase [Dot/Icm (SS047)] [Legionella pneumophila subsp. pneumophila str. Philadelphia 1],
Pontiac.fasta,NZ_CP016029.2,837879,839591,-,lem3,1-1713/1713,===============,0/0,100.00,97.55,vfdb,YP_094732,(lem3) Dot/Icm type IV secretion system effector Lem3 Dephosphoryl-cholinase relieving the AnkX-mediated modification on Rab1 [Dot/Icm (SS047)] [Legionella pneumophila subsp. pneumophila str. Philadelphia 1],
Pontiac.fasta,NZ_CP016029.2,861154,862167,+,lpg0716,1-1014/1014,===============,0/0,100.00,99.11,vfdb,YP_094752,(lpg0716) Dot/Icm type IV secretion system effector [Dot/Icm (VF0156)] [Legionella pneumophila subsp. pneumophila str. Philadelphia 1],
Pontiac.fasta,NZ_CP016029.2,879585,881033,+,ravH,1-1449/1449,===============,0/0,100.00,97.93,vfdb,YP_094769,(ravH) Dot/Icm type IV secretion system effector RavH [Dot/Icm (VF0156)] [Legionella pneumophila subsp. pneumophila str. Philadelphia 1],
Pontiac.fasta,NZ_CP016029.2,896535,898043,-,iraB,1-1509/1509,===============,0/0,100.00,97.42,vfdb,YP_094782,(iraB) Di/tripeptide permease [IraAB (VF0293)] [Legionella pneumophila subsp. pneumophila str. Philadelphia 1],
Pontiac.fasta,NZ_CP016029.2,898082,898900,-,iraA,1-819/819,===============,0/0,100.00,99.02,vfdb,YP_094783,(iraA) Small-molecule methyltransferase IraA [Iron acquisition/assimilation locus (CVF361)] [Legionella pneumophila subsp. pneumophila str. Philadelphia 1],
Pontiac.fasta,NZ_CP016029.2,943103,943810,+,mip,1-708/708,===============,0/0,100.00,99.44,vfdb,YP_094827,(mip) macrophage infectivity potentiator Mip [Mip (VF0153)] [Legionella pneumophila subsp. pneumophila str. Philadelphia 1],
Pontiac.fasta,NZ_CP016029.2,1003771,1005185,+,fleQ,1-1415/1416,===============,0/0,99.93,98.94,vfdb,YP_094888,(fleQ) transcriptional regulator FleQ [polar flagella (AI149)] [Legionella pneumophila subsp. pneumophila str. Philadelphia 1],
Pontiac.fasta,NZ_CP016029.2,1006682,1007422,+,ccmA,1-741/741,===============,0/0,100.00,99.86,vfdb,YP_094891,(ccmA) ABC transporter involved in cytochrome c biogenesis ATPase component CcmA [Cytochrome c muturation (ccm) locus (CVF358)] [Legionella pneumophila subsp. pneumophila str. Philadelphia 1],
Pontiac.fasta,NZ_CP016029.2,1007419,1008099,+,ccmB,1-681/681,===============,0/0,100.00,99.71,vfdb,YP_094892,(ccmB) ABC transporter involved in cytochrome c biogenesis CcmB subunit [Cytochrome c muturation (ccm) locus (CVF358)] [Legionella pneumophila subsp. pneumophila str. Philadelphia 1],
Pontiac.fasta,NZ_CP016029.2,1008288,1009079,+,ccmC,1-792/792,===============,0/0,100.00,99.87,vfdb,YP_094893,(ccmC) cytochrome c-type biogenesis protein CcmC putative heme lyase for CcmE [CcmC (VF0292)] [Legionella pneumophila subsp. pneumophila str. Philadelphia 1],
Pontiac.fasta,NZ_CP016029.2,1009090,1009221,+,ccmD,1-132/132,===============,0/0,100.00,100.00,vfdb,YP_094894,(ccmD) cytochrome c-type biogenesis protein CcmD interacts with CcmCE [Cytochrome c muturation (ccm) locus (CVF358)] [Legionella pneumophila subsp. pneumophila str. Philadelphia 1],
Pontiac.fasta,NZ_CP016029.2,1009227,1009658,+,ccmE,1-432/432,===============,0/0,100.00,99.77,vfdb,YP_094895,(ccmE) cytochrome c-type biogenesis protein CcmE heme chaperone [Cytochrome c muturation (ccm) locus (CVF358)] [Legionella pneumophila subsp. pneumophila str. Philadelphia 1],
Pontiac.fasta,NZ_CP016029.2,1009655,1011607,+,ccmF,1-1953/1953,===============,0/0,100.00,99.28,vfdb,YP_094896,(ccmF) cytochrome c heme lyase subunit CcmF [Cytochrome c muturation (ccm) locus (CVF358)] [Legionella pneumophila subsp. pneumophila str. Philadelphia 1],
Pontiac.fasta,NZ_CP016029.2,1046581,1047090,+,lspC,1-510/510,===============,0/0,100.00,99.41,vfdb,YP_094929,(lspC) general secretion pathway protein C [lsp (SS211)] [Legionella pneumophila subsp. pneumophila str. Philadelphia 1],
Pontiac.fasta,NZ_CP016029.2,1048784,1049515,-,ceg18,1-732/732,===============,0/0,100.00,97.40,vfdb,YP_094932,(ceg18) Dot/Icm type IV secretion system effector Ceg18 [Dot/Icm (SS047)] [Legionella pneumophila subsp. pneumophila str. Philadelphia 1],
Pontiac.fasta,NZ_CP016029.2,1057609,1058106,-,flgN,1-498/498,===============,0/0,100.00,97.59,vfdb,YP_094940,(flgN) flagella synthesis protein FlgN/type III secretory pathway chaperone [polar flagella (AI149)] [Legionella pneumophila subsp. pneumophila str. Philadelphia 1],
Pontiac.fasta,NZ_CP016029.2,1058123,1058443,-,flgM,1-321/321,===============,0/0,100.00,97.20,vfdb,YP_094941,(flgM) negative regulator of flagellin synthesis [polar flagella (AI149)] [Legionella pneumophila subsp. pneumophila str. Philadelphia 1],
Pontiac.fasta,NZ_CP016029.2,1058534,1059235,-,flgA,1-702/702,===============,0/0,100.00,98.29,vfdb,YP_094942,(flgA) flagellar basal body P-ring biosynthesis protein FlgA [Flagella (VF0157)] [Legionella pneumophila subsp. pneumophila str. Philadelphia 1],
Pontiac.fasta,NZ_CP016029.2,1076815,1077822,-,ravI,1-1011/1011,========/======,1/3,99.70,96.44,vfdb,YP_094960,(ravI) Dot/Icm type IV secretion system effector RavI [Dot/Icm (VF0156)] [Legionella pneumophila subsp. pneumophila str. Philadelphia 1],
Pontiac.fasta,NZ_CP016029.2,1078239,1079303,+,pilM,1-1065/1065,===============,0/0,100.00,98.50,vfdb,YP_094961,(pilM) type IV pilus inner membrane platform protein PilM [type IV pili (AI111)] [Legionella pneumophila subsp. pneumophila str. Philadelphia 1],
Pontiac.fasta,NZ_CP016029.2,1079307,1079855,+,pilN,1-549/549,===============,0/0,100.00,97.45,vfdb,YP_094962,(pilN) type IV pilus inner membrane platform protein PilN [type IV pili (AI111)] [Legionella pneumophila subsp. pneumophila str. Philadelphia 1],
Pontiac.fasta,NZ_CP016029.2,1079833,1080468,+,pilO,1-636/636,===============,0/0,100.00,97.80,vfdb,YP_094963,(pilO) type IV pilus inner membrane platform protein PilO [type IV pili (AI111)] [Legionella pneumophila subsp. pneumophila str. Philadelphia 1],
Pontiac.fasta,NZ_CP016029.2,1080465,1081049,+,pilP,1-588/588,========/======,1/3,99.49,97.62,vfdb,YP_094964,(pilP) type IV pilus biogenesis protein PilP [type IV pili (AI111)] [Legionella pneumophila subsp. pneumophila str. Philadelphia 1],
Pontiac.fasta,NZ_CP016029.2,1081053,1083149,+,pilQ,1-2097/2097,===============,0/0,100.00,97.71,vfdb,YP_094965,(pilQ) type IV pilus secretin protein PilQ  [type IV pili (AI111)] [Legionella pneumophila subsp. pneumophila str. Philadelphia 1],
Pontiac.fasta,NZ_CP016029.2,1092724,1094913,-,lidA,1-2190/2190,========/======,8/12,99.73,92.08,vfdb,YP_094974,(lidA) Dot/Icm type IV secretion system effector LidA interacting with Rab GTPase [Dot/Icm (VF0156)] [Legionella pneumophila subsp. pneumophila str. Philadelphia 1],
Pontiac.fasta,NZ_CP016029.2,1127361,1128602,-,lpg0963,1-1242/1242,===============,0/0,100.00,98.39,vfdb,YP_094997,(lpg0963) Dot/Icm type IV secretion system effector [Dot/Icm (SS047)] [Legionella pneumophila subsp. pneumophila str. Philadelphia 1],
Pontiac.fasta,NZ_CP016029.2,1133402,1133986,-,lpg0967,1-594/594,========/======,1/9,98.48,93.27,vfdb,YP_095001,(lpg0967) Dot/Icm type IV secretion system effector [Dot/Icm (VF0156)] [Legionella pneumophila subsp. pneumophila str. Philadelphia 1],
Pontiac.fasta,NZ_CP016029.2,1134270,1135991,-,sidK,1-1722/1722,===============,0/0,100.00,97.68,vfdb,YP_095002,(sidK) Dot/Icm type IV secretion system effector SidK interacting with VatA a key component of the proton pump. Suc [Dot/Icm (VF0156)] [Legionella pneumophila subsp. pneumophila str. Philadelphia 1],
Pontiac.fasta,NZ_CP016029.2,1136432,1137172,+,ravK,1-741/741,===============,0/0,100.00,97.84,vfdb,YP_095003,(ravK) Dot/Icm type IV secretion system effector RavK [Dot/Icm (VF0156)] [Legionella pneumophila subsp. pneumophila str. Philadelphia 1],
Pontiac.fasta,NZ_CP016029.2,1265579,1266547,+,lem4/smdA,1-969/969,===============,0/0,100.00,97.01,vfdb,YP_095134,(lem4/smdA) Dot/Icm type IV secretion system effector Lem4/SmdA [Dot/Icm (SS047)] [Legionella pneumophila subsp. pneumophila str. Philadelphia 1],
Pontiac.fasta,NZ_CP016029.2,1271090,1272307,-,lpg1106,1-1218/1275,========/======,2/2,95.45,90.65,vfdb,YP_095139,(lpg1106) Dot/Icm type IV secretion system effector [Dot/Icm (VF0156)] [Legionella pneumophila subsp. pneumophila str. Philadelphia 1],
Pontiac.fasta,NZ_CP016029.2,1274738,1275619,-,ravL,1-882/882,===============,0/0,100.00,95.69,vfdb,YP_095141,(ravL) Dot/Icm type IV secretion system effector RavL [Dot/Icm (VF0156)] [Legionella pneumophila subsp. pneumophila str. Philadelphia 1],
Pontiac.fasta,NZ_CP016029.2,1275860,1277920,-,ravM,1-2061/2061,===============,0/0,100.00,90.68,vfdb,YP_095142,(ravM) Dot/Icm type IV secretion system effector RavM [Dot/Icm (VF0156)] [Legionella pneumophila subsp. pneumophila str. Philadelphia 1],
Pontiac.fasta,NZ_CP016029.2,1278478,1279173,+,lem5,1-696/696,===============,0/0,100.00,90.37,vfdb,YP_095143,(lem5) Dot/Icm type IV secretion system effector Lem5 [Dot/Icm (SS047)] [Legionella pneumophila subsp. pneumophila str. Philadelphia 1],
Pontiac.fasta,NZ_CP016029.2,1279261,1279905,-,ravN,1-639/639,========/======,1/6,100.00,95.97,vfdb,YP_095144,(ravN) Dot/Icm type IV secretion system effector RavN [Dot/Icm (VF0156)] [Legionella pneumophila subsp. pneumophila str. Philadelphia 1],
Pontiac.fasta,NZ_CP016029.2,1292167,1293748,-,lem6,1-1555/1767,========/=====.,2/27,88.00,95.20,vfdb,YP_095153,(lem6) Dot/Icm type IV secretion system effector Lem6 [Dot/Icm (SS047)] [Legionella pneumophila subsp. pneumophila str. Philadelphia 1],
Pontiac.fasta,NZ_CP016029.2,1294331,1295101,+,ceg19,1-771/771,===============,0/0,100.00,95.07,vfdb,YP_095154,(ceg19) Dot/Icm Type IV secretion system effector Ceg19 manipulating host cell vesicle trafficking factors [Dot/Icm (SS047)] [Legionella pneumophila subsp. pneumophila str. Philadelphia 1],
Pontiac.fasta,NZ_CP016029.2,1298188,1298778,-,lpg1124,1-591/591,========/======,2/2,99.83,92.57,vfdb,YP_095157,(lpg1124) Dot/Icm type IV secretion system effector [Dot/Icm (VF0156)] [Legionella pneumophila subsp. pneumophila str. Philadelphia 1],
Pontiac.fasta,NZ_CP016029.2,1312367,1313926,+,ravO,1-1560/1560,===============,0/0,100.00,96.15,vfdb,YP_095162,(ravO) Dot/Icm type IV secretion system effector RavO [Dot/Icm (VF0156)] [Legionella pneumophila subsp. pneumophila str. Philadelphia 1],
Pontiac.fasta,NZ_CP016029.2,1322580,1323554,-,lpg1137,1-969/969,========/======,1/6,100.00,96.61,vfdb,YP_095170,(lpg1137) Dot/Icm type IV secretion system effector [Dot/Icm (VF0156)] [Legionella pneumophila subsp. pneumophila str. Philadelphia 1],
Pontiac.fasta,NZ_CP016029.2,1330598,1331104,-,cegC3,1-507/507,===============,0/0,100.00,95.07,vfdb,YP_095177,(cegC3) Dot/Icm type IV secretion system effector CegC3 [Dot/Icm (SS047)] [Legionella pneumophila subsp. pneumophila str. Philadelphia 1],
Pontiac.fasta,NZ_CP016029.2,1331365,1333674,+,lem7,1-2310/2310,===============,0/0,100.00,97.23,vfdb,YP_095178,(lem7) Dot/Icm type IV secretion system effector Lem7 [Dot/Icm (SS047)] [Legionella pneumophila subsp. pneumophila str. Philadelphia 1],
Pontiac.fasta,NZ_CP016029.2,1335346,1335849,+,lpg1147,1-504/504,===============,0/0,100.00,93.85,vfdb,YP_095180,(lpg1147) Dot/Icm type IV secretion system effector [Dot/Icm (VF0156)] [Legionella pneumophila subsp. pneumophila str. Philadelphia 1],
Pontiac.fasta,NZ_CP016029.2,1336139,1337650,+,lpg1148,1-1512/1512,===============,0/0,100.00,95.64,vfdb,YP_095181,(lpg1148) Dot/Icm type IV secretion system effector [Dot/Icm (SS047)] [Legionella pneumophila subsp. pneumophila str. Philadelphia 1],
Pontiac.fasta,NZ_CP016029.2,1343155,1344111,-,ravP,1-957/957,===============,0/0,100.00,93.63,vfdb,YP_095185,(ravP) Dot/Icm type IV secretion system effector RavP [Dot/Icm (VF0156)] [Legionella pneumophila subsp. pneumophila str. Philadelphia 1],
Pontiac.fasta,NZ_CP016029.2,1345984,1347066,+,ravQ,1-1083/1083,===============,0/0,100.00,97.32,vfdb,YP_095187,(ravQ) Dot/Icm type IV secretion system effector RavQ [Dot/Icm (VF0156)] [Legionella pneumophila subsp. pneumophila str. Philadelphia 1],
Pontiac.fasta,NZ_CP016029.2,1351523,1352293,+,lpg1158,1-771/771,===============,0/0,100.00,97.67,vfdb,YP_095191,(lpg1158) Dot/Icm type IV secretion system effector [Dot/Icm (SS047)] [Legionella pneumophila subsp. pneumophila str. Philadelphia 1],
Pontiac.fasta,NZ_CP016029.2,1362759,1364771,-,ravR,1-2013/2013,===============,0/0,100.00,97.67,vfdb,YP_095199,(ravR) Dot/Icm type IV secretion system effector RavR [Dot/Icm (VF0156)] [Legionella pneumophila subsp. pneumophila str. Philadelphia 1],
Pontiac.fasta,NZ_CP016029.2,1370647,1371066,+,lpg1171,1-420/420,===============,0/0,100.00,98.33,vfdb,YP_095204,(lpg1171) Dot/Icm type IV secretion system effector [Dot/Icm (VF0156)] [Legionella pneumophila subsp. pneumophila str. Philadelphia 1],
Pontiac.fasta,NZ_CP016029.2,1371221,1372708,+,lidL,1-1488/1488,===============,0/0,100.00,98.12,vfdb,YP_095205,(lidL) Dot/Icm type IV secretion system effector LidL [Dot/Icm (SS047)] [Legionella pneumophila subsp. pneumophila str. Philadelphia 1],
Pontiac.fasta,NZ_CP016029.2,1385406,1387298,+,ravS,1-1893/1893,===============,0/0,100.00,98.20,vfdb,YP_095216,(ravS) Dot/Icm type IV secretion system effector RavS [Dot/Icm (VF0156)] [Legionella pneumophila subsp. pneumophila str. Philadelphia 1],
Pontiac.fasta,NZ_CP016029.2,1419375,1419767,+,flgB,1-393/393,===============,0/0,100.00,99.49,vfdb,YP_095247,(flgB) flagellar basal body rod protein FlgB [Flagella (VF0157)] [Legionella pneumophila subsp. pneumophila str. Philadelphia 1],
Pontiac.fasta,NZ_CP016029.2,1419770,1420192,+,flgC,1-423/423,===============,0/0,100.00,98.34,vfdb,YP_095248,(flgC) flagellar basal body rod protein FlgC [Flagella (VF0157)] [Legionella pneumophila subsp. pneumophila str. Philadelphia 1],
Pontiac.fasta,NZ_CP016029.2,1420203,1420880,+,flgD,1-678/678,===============,0/0,100.00,97.34,vfdb,YP_095249,(flgD) flagellar basal body rod modification protein FlgD [Flagella (VF0157)] [Legionella pneumophila subsp. pneumophila str. Philadelphia 1],
Pontiac.fasta,NZ_CP016029.2,1420994,1422307,+,flgE,1-1314/1314,===============,0/0,100.00,96.73,vfdb,YP_095250,(flgE) flagellar hook protein FlgE [Flagella (VF0157)] [Legionella pneumophila subsp. pneumophila str. Philadelphia 1],
Pontiac.fasta,NZ_CP016029.2,1422318,1423064,+,flgF,1-747/747,===============,0/0,100.00,97.86,vfdb,YP_095251,(flgF) flagellar basal body rod protein FlgF [Flagella (VF0157)] [Legionella pneumophila subsp. pneumophila str. Philadelphia 1],
Pontiac.fasta,NZ_CP016029.2,1423215,1424000,+,flgG,1-786/786,===============,0/0,100.00,98.09,vfdb,YP_095252,(flgG) flagellar basal body rod protein FlgG [Flagella (VF0157)] [Legionella pneumophila subsp. pneumophila str. Philadelphia 1],
Pontiac.fasta,NZ_CP016029.2,1424013,1424705,+,flgH,1-693/693,===============,0/0,100.00,97.26,vfdb,YP_095253,(flgH) flagellar L-ring protein precursor FlgH [Flagella (VF0157)] [Legionella pneumophila subsp. pneumophila str. Philadelphia 1],
Pontiac.fasta,NZ_CP016029.2,1424663,1425847,+,flgI,1-1185/1185,===============,0/0,100.00,96.71,vfdb,YP_095254,(flgI) flagellar P-ring protein precursor FlgI [Flagella (VF0157)] [Legionella pneumophila subsp. pneumophila str. Philadelphia 1],
Pontiac.fasta,NZ_CP016029.2,1425851,1426731,+,flgJ,3-883/885,===============,0/0,99.55,97.05,vfdb,YP_095255,(flgJ) flagellar rod assembly protein/muramidase FlgJ [polar flagella (AI149)] [Legionella pneumophila subsp. pneumophila str. Philadelphia 1],
Pontiac.fasta,NZ_CP016029.2,1426783,1428732,+,flgK,1-1950/1950,===============,0/0,100.00,96.77,vfdb,YP_095256,(flgK) flagellar hook-associated protein 1 FlgK [Flagella (VF0157)] [Legionella pneumophila subsp. pneumophila str. Philadelphia 1],
Pontiac.fasta,NZ_CP016029.2,1428736,1429971,+,flgL,1-1236/1236,===============,0/0,100.00,94.42,vfdb,YP_095257,(flgL) flagellar hook-associated protein 3 FlgL [Flagella (VF0157)] [Legionella pneumophila subsp. pneumophila str. Philadelphia 1],
Pontiac.fasta,NZ_CP016029.2,1430166,1431905,+,vpdB,1-1797/1797,========/======,3/57,96.83,84.58,vfdb,YP_095258,(vpdB) Dot/Icm type IV secretion system effector VpdB [Dot/Icm (SS047)] [Legionella pneumophila subsp. pneumophila str. Philadelphia 1],
Pontiac.fasta,NZ_CP016029.2,1432444,1433508,+,lpg1273,1-1065/1065,===============,0/0,100.00,95.12,vfdb,YP_095303,(lpg1273) Dot/Icm type IV secretion system effector [Dot/Icm (SS047)] [Legionella pneumophila subsp. pneumophila str. Philadelphia 1],
Pontiac.fasta,NZ_CP016029.2,1471088,1472572,-,lspE,1-1485/1485,===============,0/0,100.00,97.78,vfdb,YP_095349,(lspE) general secretion pathway protein E [<i>lsp</i> T2SS (VF0154)] [Legionella pneumophila subsp. pneumophila str. Philadelphia 1],
Pontiac.fasta,NZ_CP016029.2,1472576,1474951,-,lspD,1-2376/2376,===============,0/0,100.00,98.23,vfdb,YP_095350,(lspD) general secretion pathway protein D [<i>lsp</i> T2SS (VF0154)] [Legionella pneumophila subsp. pneumophila str. Philadelphia 1],
Pontiac.fasta,NZ_CP016029.2,1478422,1479582,-,lbtC,1-1161/1161,===============,0/0,100.00,98.71,vfdb,YP_095353,(lbtC) LbtC inner membrane protein required for import of Legiobactin [Legiobactin (VF0291)] [Legionella pneumophila subsp. pneumophila str. Philadelphia 1],
Pontiac.fasta,NZ_CP016029.2,1479579,1480793,-,lbtB,1-1215/1215,===============,0/0,100.00,96.79,vfdb,YP_095354,(lbtB) LbtB inner membrane protein required for export of Legiobactin [Legiobactin (VF0291)] [Legionella pneumophila subsp. pneumophila str. Philadelphia 1],
Pontiac.fasta,NZ_CP016029.2,1480786,1482585,-,lbtA,1-1800/1800,===============,0/0,100.00,98.61,vfdb,YP_095355,(lbtA) siderophore biosynthetic enzyme LbtA [Legiobactin (VF0291)] [Legionella pneumophila subsp. pneumophila str. Philadelphia 1],
Pontiac.fasta,NZ_CP016029.2,1482661,1483746,-,lbtU,1-1086/1086,===============,0/0,100.00,97.97,vfdb,YP_095356,(lbtU) LbtU outer membrane receptor for Legiobactin  [Legiobactin (VF0291)] [Legionella pneumophila subsp. pneumophila str. Philadelphia 1],
Pontiac.fasta,NZ_CP016029.2,1484529,1486991,-,legT,1-2466/2466,========/======,2/9,99.76,92.75,vfdb,YP_095358,(legT) Dot/Icm type IV secretion system effector LegT [Dot/Icm (SS047)] [Legionella pneumophila subsp. pneumophila str. Philadelphia 1],
Pontiac.fasta,NZ_CP016029.2,1495838,1496248,-,fliS,1-411/411,===============,0/0,100.00,98.05,vfdb,YP_095366,(fliS) flagellar biosynthesis protein FliS [Flagella (VF0157)] [Legionella pneumophila subsp. pneumophila str. Philadelphia 1],
Pontiac.fasta,NZ_CP016029.2,1496258,1497883,-,fliD,1-1626/1626,===============,0/0,100.00,96.68,vfdb,YP_095367,(fliD) flagellar capping protein FliD [Flagella (VF0157)] [Legionella pneumophila subsp. pneumophila str. Philadelphia 1],
Pontiac.fasta,NZ_CP016029.2,1497946,1498227,-,flaG,1-282/282,===============,0/0,100.00,97.87,vfdb,YP_095368,(flaG) flagellar biosynthesis protein FlaG [polar flagella (AI149)] [Legionella pneumophila subsp. pneumophila str. Philadelphia 1],
Pontiac.fasta,NZ_CP016029.2,1498310,1499737,-,fliC,1-1428/1428,===============,0/0,100.00,96.43,vfdb,YP_095369,(fliC) flagellin [Flagella (VF0157)] [Legionella pneumophila subsp. pneumophila str. Philadelphia 1],
Pontiac.fasta,NZ_CP016029.2,1520673,1521641,-,lspK,1-969/969,===============,0/0,100.00,96.90,vfdb,YP_095387,(lspK) general secretion pathway protein K [<i>lsp</i> T2SS (VF0154)] [Legionella pneumophila subsp. pneumophila str. Philadelphia 1],
Pontiac.fasta,NZ_CP016029.2,1521628,1522245,-,lspJ,1-618/618,===============,0/0,100.00,97.90,vfdb,YP_095388,(lspJ) general secretion pathway protein J [<i>lsp</i> T2SS (VF0154)] [Legionella pneumophila subsp. pneumophila str. Philadelphia 1],
Pontiac.fasta,NZ_CP016029.2,1522242,1522619,-,lspI,1-378/378,===============,0/0,100.00,97.62,vfdb,YP_095389,(lspI) general secretion pathway protein I [<i>lsp</i> T2SS (VF0154)] [Legionella pneumophila subsp. pneumophila str. Philadelphia 1],
Pontiac.fasta,NZ_CP016029.2,1522616,1523170,-,lspH,1-555/555,===============,0/0,100.00,97.48,vfdb,YP_095390,(lspH) general secretion pathway protein H [<i>lsp</i> T2SS (VF0154)] [Legionella pneumophila subsp. pneumophila str. Philadelphia 1],
Pontiac.fasta,NZ_CP016029.2,1523088,1523510,-,lspG,1-423/423,===============,0/0,100.00,98.34,vfdb,YP_095391,(lspG) general secretion pathway protein G [<i>lsp</i> T2SS (VF0154)] [Legionella pneumophila subsp. pneumophila str. Philadelphia 1],
Pontiac.fasta,NZ_CP016029.2,1523614,1524813,-,lspF,1-1200/1200,===============,0/0,100.00,98.33,vfdb,YP_095392,(lspF) general secretion pathway protein F [<i>lsp</i> T2SS (VF0154)] [Legionella pneumophila subsp. pneumophila str. Philadelphia 1],
Pontiac.fasta,NZ_CP016029.2,1561766,1562107,+,pilZ,1-342/342,===============,0/0,100.00,98.54,vfdb,YP_095430,(pilZ) type IV pilus biogenesis protein PilZ [type IV pili (AI111)] [Legionella pneumophila subsp. pneumophila str. Philadelphia 1],
Pontiac.fasta,NZ_CP016029.2,1591383,1594037,+,vpdC,1-2655/2655,===============,0/0,100.00,98.49,vfdb,YP_095455,(vpdC) Dot/Icm type IV secretion system effector VpdC [Dot/Icm (SS047)] [Legionella pneumophila subsp. pneumophila str. Philadelphia 1],
Pontiac.fasta,NZ_CP016029.2,1613247,1615859,+,lpg1449,1-2613/2613,===============,0/0,100.00,97.28,vfdb,YP_095478,(lpg1449) Dot/Icm type IV secretion system effector [Dot/Icm (VF0156)] [Legionella pneumophila subsp. pneumophila str. Philadelphia 1],
Pontiac.fasta,NZ_CP016029.2,1619111,1619629,+,lpg1453,1-519/519,===============,0/0,100.00,98.46,vfdb,YP_095482,(lpg1453) Dot/Icm type IV secretion system effector [Dot/Icm (VF0156)] [Legionella pneumophila subsp. pneumophila str. Philadelphia 1],
Pontiac.fasta,NZ_CP016029.2,1654919,1656508,+,legK1,1-1590/1590,===============,0/0,100.00,96.86,vfdb,YP_095512,(legK1) Dot/Icm type IV secretion system effector LegK1 serine/threonine-protein kinase [Dot/Icm (SS047)] [Legionella pneumophila subsp. pneumophila str. Philadelphia 1],
Pontiac.fasta,NZ_CP016029.2,1656562,1657371,-,lpg1484,1-810/810,===============,0/0,100.00,97.28,vfdb,YP_095513,(lpg1484) Dot/Icm type IV secretion system effector [Dot/Icm (VF0156)] [Legionella pneumophila subsp. pneumophila str. Philadelphia 1],
Pontiac.fasta,NZ_CP016029.2,1659480,1662098,+,lgt3/legC5,1-2598/2598,========/======,2/27,99.88,95.84,vfdb,YP_095517,(lgt3/legC5) Dot/Icm type IV secretion system effector Lgt3/LegC5 blocking host protein synthesis [Dot/Icm (SS047)] [Legionella pneumophila subsp. pneumophila str. Philadelphia 1],
Pontiac.fasta,NZ_CP016029.2,1662308,1663324,+,ravX,1-1032/1032,========/======,3/15,98.55,93.61,vfdb,YP_095518,(ravX) Dot/Icm type IV secretion system effector RavX [Dot/Icm (VF0156)] [Legionella pneumophila subsp. pneumophila str. Philadelphia 1],
Pontiac.fasta,NZ_CP016029.2,1669502,1671274,+,lem10,1-1772/1797,========/======,1/1,98.61,94.92,vfdb,YP_095525,(lem10) Dot/Icm type IV secretion system effector Lem10 [Dot/Icm (SS047)] [Legionella pneumophila subsp. pneumophila str. Philadelphia 1],
Pontiac.fasta,NZ_CP016029.2,1702158,1703882,+,pilB,1-1725/1725,===============,0/0,100.00,97.91,vfdb,YP_095551,(pilB) type IV pilus assembly protein PilB [Type IV pili (VF0155)] [Legionella pneumophila subsp. pneumophila str. Philadelphia 1],
Pontiac.fasta,NZ_CP016029.2,1703888,1705108,+,pilC,1-1221/1221,===============,0/0,100.00,98.20,vfdb,YP_095552,(pilC) type IV pilus assembly protein PilC [Type IV pili (VF0155)] [Legionella pneumophila subsp. pneumophila str. Philadelphia 1],
Pontiac.fasta,NZ_CP016029.2,1705148,1706017,+,pilD,1-870/870,===============,0/0,100.00,97.82,vfdb,YP_095553,(pilD) type IV pilus prepilin peptidase PilD [Type IV pili (VF0155)] [Legionella pneumophila subsp. pneumophila str. Philadelphia 1],
Pontiac.fasta,NZ_CP016029.2,1727856,1728638,-,pilF,1-783/783,===============,0/0,100.00,98.34,vfdb,YP_095575,(pilF) type IV pilus biogenesis protein PilF [type IV pili (AI111)] [Legionella pneumophila subsp. pneumophila str. Philadelphia 1],
Pontiac.fasta,NZ_CP016029.2,1733287,1734076,-,ravY,1-745/747,========/======,4/45,99.73,87.59,vfdb,YP_095580,(ravY) Dot/Icm type IV secretion system effector RavY [Dot/Icm (VF0156)] [Legionella pneumophila subsp. pneumophila str. Philadelphia 1],
Pontiac.fasta,NZ_CP016029.2,1768045,1768494,-,lpg1578,1-450/450,===============,0/0,100.00,98.67,vfdb,YP_095607,(lpg1578) Dot/Icm type IV secretion system effector [Dot/Icm (VF0156)] [Legionella pneumophila subsp. pneumophila str. Philadelphia 1],
Pontiac.fasta,NZ_CP016029.2,1780274,1782292,-,legC6,1-2019/2019,===============,0/0,100.00,98.42,vfdb,YP_095617,(legC6) Dot/Icm type IV secretion system effector LegC6 [Dot/Icm (SS047)] [Legionella pneumophila subsp. pneumophila str. Philadelphia 1],
Pontiac.fasta,NZ_CP016029.2,1790187,1791248,-,lem11,1-1062/1062,===============,0/0,100.00,97.27,vfdb,YP_095627,(lem11) Dot/Icm type IV secretion system effector Lem11 [Dot/Icm (SS047)] [Legionella pneumophila subsp. pneumophila str. Philadelphia 1],
Pontiac.fasta,NZ_CP016029.2,1791739,1793025,-,legL2,1-1287/1287,===============,0/0,100.00,96.58,vfdb,YP_095629,(legL2) Dot/Icm type IV secretion system effector LegL2 [Dot/Icm (SS047)] [Legionella pneumophila subsp. pneumophila str. Philadelphia 1],
Pontiac.fasta,NZ_CP016029.2,1814744,1816063,-,ceg23,1-1320/1320,===============,0/0,100.00,98.41,vfdb,YP_095648,(ceg23) Dot/Icm type IV secretion system effector Ceg23 [Dot/Icm (SS047)] [Legionella pneumophila subsp. pneumophila str. Philadelphia 1],
Pontiac.fasta,NZ_CP016029.2,1819391,1819786,-,lem12,1-393/393,========/======,1/3,100.00,89.14,vfdb,YP_095652,(lem12) Dot/Icm type IV secretion system effector Lem12 [Dot/Icm (SS047)] [Legionella pneumophila subsp. pneumophila str. Philadelphia 1],
Pontiac.fasta,NZ_CP016029.2,1836382,1837698,-,lpg1639,1-1317/1317,===============,0/0,100.00,98.56,vfdb,YP_095666,(lpg1639) Dot/Icm type IV secretion system effector [Dot/Icm (VF0156)] [Legionella pneumophila subsp. pneumophila str. Philadelphia 1],
Pontiac.fasta,NZ_CP016029.2,1842181,1843434,-,sidB,1-1254/1254,===============,0/0,100.00,98.80,vfdb,YP_095669,(sidB) Dot/Icm type IV secretion system effector SidB [Dot/Icm (VF0156)] [Legionella pneumophila subsp. pneumophila str. Philadelphia 1],
Pontiac.fasta,NZ_CP016029.2,1858036,1859142,-,lpg1654,1-1119/1119,========/======,1/12,98.93,96.42,vfdb,YP_095681,(lpg1654) Dot/Icm type IV secretion system effector [Dot/Icm (VF0156)] [Legionella pneumophila subsp. pneumophila str. Philadelphia 1],
Pontiac.fasta,NZ_CP016029.2,1865560,1867041,+,legL3,1-1482/1482,===============,0/0,100.00,98.04,vfdb,YP_095687,(legL3) Dot/Icm type IV secretion system effector LegL3 [Dot/Icm (SS047)] [Legionella pneumophila subsp. pneumophila str. Philadelphia 1],
Pontiac.fasta,NZ_CP016029.2,1867135,1868253,-,lpg1661,1-1119/1119,===============,0/0,100.00,97.86,vfdb,YP_095688,(lpg1661) Dot/Icm type IV secretion system effector [Dot/Icm (VF0156)] [Legionella pneumophila subsp. pneumophila str. Philadelphia 1],
Pontiac.fasta,NZ_CP016029.2,1878249,1879652,-,lpg1666,1-1404/1404,===============,0/0,100.00,98.01,vfdb,YP_095693,(lpg1666) Dot/Icm type IV secretion system effector [Dot/Icm (VF0156)] [Legionella pneumophila subsp. pneumophila str. Philadelphia 1],
Pontiac.fasta,NZ_CP016029.2,1879812,1881203,-,lpg1667,1-1392/1392,===============,0/0,100.00,98.28,vfdb,YP_095694,(lpg1667) Dot/Icm type IV secretion system effector [Dot/Icm (VF0156)] [Legionella pneumophila subsp. pneumophila str. Philadelphia 1],
Pontiac.fasta,NZ_CP016029.2,1886365,1887255,+,lpg1670,1-891/891,===============,0/0,100.00,99.66,vfdb,YP_095697,(lpg1670) Dot/Icm type IV secretion system effector [Dot/Icm (VF0156)] [Legionella pneumophila subsp. pneumophila str. Philadelphia 1],
Pontiac.fasta,NZ_CP016029.2,1903210,1904412,-,mavA,1-1203/1203,===============,0/0,100.00,98.34,vfdb,YP_095714,(mavA) Dot/Icm type IV secretion system effector mavA [Dot/Icm (VF0156)] [Legionella pneumophila subsp. pneumophila str. Philadelphia 1],
Pontiac.fasta,NZ_CP016029.2,1904449,1905693,-,fliK,1-1245/1245,===============,0/0,100.00,97.75,vfdb,YP_095715,(fliK) flagellar hook-length control protein FliK [polar flagella (AI149)] [Legionella pneumophila subsp. pneumophila str. Philadelphia 1],
Pontiac.fasta,NZ_CP016029.2,1905877,1906503,+,lpg1689,1-627/627,===============,0/0,100.00,96.33,vfdb,YP_095716,(lpg1689) Dot/Icm type IV secretion system effector [Dot/Icm (SS047)] [Legionella pneumophila subsp. pneumophila str. Philadelphia 1],
Pontiac.fasta,NZ_CP016029.2,1917989,1919671,+,legC3/ppeA,1-1683/1683,===============,0/0,100.00,96.97,vfdb,YP_095728,(legC3/ppeA) Dot/Icm type IV secretion system effector LegC3/PpeA [Dot/Icm (SS047)] [Legionella pneumophila subsp. pneumophila str. Philadelphia 1],
Pontiac.fasta,NZ_CP016029.2,1919807,1921447,+,ppeB,1-1641/1641,===============,0/0,100.00,94.09,vfdb,YP_095729,(ppeB) Dot/Icm type IV secretion system effector PpeB [Dot/Icm (SS047)] [Legionella pneumophila subsp. pneumophila str. Philadelphia 1],
Pontiac.fasta,NZ_CP016029.2,1934448,1934906,+,lpg1716,1-459/459,===============,0/0,100.00,98.26,vfdb,YP_095743,(lpg1716) Dot/Icm type IV secretion system effector [Dot/Icm (VF0156)] [Legionella pneumophila subsp. pneumophila str. Philadelphia 1],
Pontiac.fasta,NZ_CP016029.2,1935040,1936677,-,ankI/legAS4,1-1638/1638,===============,0/0,100.00,97.38,vfdb,YP_095745,(ankI/legAS4) Dot/Icm type IV secretion system effector AnkI/LegAS4 [Dot/Icm (SS047)] [Legionella pneumophila subsp. pneumophila str. Philadelphia 1],
Pontiac.fasta,NZ_CP016029.2,1974101,1975414,-,lpg1751,1-1311/1311,========/======,1/3,100.00,97.03,vfdb,YP_095777,(lpg1751) Dot/Icm type IV secretion system effector [Dot/Icm (SS047)] [Legionella pneumophila subsp. pneumophila str. Philadelphia 1],
Pontiac.fasta,NZ_CP016029.2,1975427,1976074,-,lpg1752,1-648/648,===============,0/0,100.00,98.46,vfdb,YP_095778,(lpg1752) Dot/Icm type IV secretion system effector [Dot/Icm (VF0156)] [Legionella pneumophila subsp. pneumophila str. Philadelphia 1],
Pontiac.fasta,NZ_CP016029.2,1982220,1982675,-,fliJ,1-456/456,===============,0/0,100.00,98.90,vfdb,YP_095782,(fliJ) flagellar protein FliJ [Flagella (VF0157)] [Legionella pneumophila subsp. pneumophila str. Philadelphia 1],
Pontiac.fasta,NZ_CP016029.2,1982672,1984024,-,fliI,1-1353/1353,===============,0/0,100.00,98.74,vfdb,YP_095783,(fliI) flagellum-specific ATP synthase FliI [polar flagella (AI149)] [Legionella pneumophila subsp. pneumophila str. Philadelphia 1],
Pontiac.fasta,NZ_CP016029.2,1984024,1984662,-,fliH,1-639/639,===============,0/0,100.00,98.91,vfdb,YP_095784,(fliH) flagellar assembly protein H [Flagella (VF0157)] [Legionella pneumophila subsp. pneumophila str. Philadelphia 1],
Pontiac.fasta,NZ_CP016029.2,1984804,1985793,-,fliG,1-990/990,===============,0/0,100.00,98.89,vfdb,YP_095785,(fliG) flagellar motor switch protein G [Flagella (VF0157)] [Legionella pneumophila subsp. pneumophila str. Philadelphia 1],
Pontiac.fasta,NZ_CP016029.2,1985796,1987430,-,fliF,1-1635/1635,===============,0/0,100.00,99.63,vfdb,YP_095786,(fliF) flagellar M-ring protein FliF [Flagella (VF0157)] [Legionella pneumophila subsp. pneumophila str. Philadelphia 1],
Pontiac.fasta,NZ_CP016029.2,1987602,1987916,-,fliE,1-315/315,===============,0/0,100.00,98.73,vfdb,YP_095787,(fliE) flagellar hook-basal body complex protein FliE [Flagella (VF0157)] [Legionella pneumophila subsp. pneumophila str. Philadelphia 1],
Pontiac.fasta,NZ_CP016029.2,1987931,1989292,-,fleR/flrC,1-1362/1362,===============,0/0,100.00,98.09,vfdb,YP_095788,(fleR/flrC) sigma 54-dependent response regulator [polar flagella (AI149)] [Legionella pneumophila subsp. pneumophila str. Philadelphia 1],
Pontiac.fasta,NZ_CP016029.2,1989268,1990299,-,fleS/flrB,1-1032/1032,===============,0/0,100.00,97.87,vfdb,YP_095789,(fleS/flrB) flagellar sensor histidine kinase FleS [polar flagella (AI149)] [Legionella pneumophila subsp. pneumophila str. Philadelphia 1],
Pontiac.fasta,NZ_CP016029.2,2005470,2005952,+,lpg1776,1-486/486,========/======,1/3,99.38,95.47,vfdb,YP_095802,(lpg1776) Dot/Icm type IV secretion system effector [Dot/Icm (VF0156)] [Legionella pneumophila subsp. pneumophila str. Philadelphia 1],
Pontiac.fasta,NZ_CP016029.2,2009091,2009912,-,motB,1-822/822,===============,0/0,100.00,98.54,vfdb,YP_095806,(motB) flagellar motor rotation protein MotB [Flagella (VF0157)] [Legionella pneumophila subsp. pneumophila str. Philadelphia 1],
Pontiac.fasta,NZ_CP016029.2,2009869,2010642,-,motC,1-774/774,===============,0/0,100.00,99.35,vfdb,YP_095807,(motC) flagellar motor rotation protein MotA [Flagella (VF0157)] [Legionella pneumophila subsp. pneumophila str. Philadelphia 1],
Pontiac.fasta,NZ_CP016029.2,2011464,2012351,-,fleN,1-888/888,===============,0/0,100.00,97.97,vfdb,YP_095809,(fleN) flagellar synthesis regulator FleN [polar flagella (AI149)] [Legionella pneumophila subsp. pneumophila str. Philadelphia 1],
Pontiac.fasta,NZ_CP016029.2,2012320,2013480,-,flhF,1-1161/1161,===============,0/0,100.00,97.33,vfdb,YP_095810,(flhF) flagellar GTP-binding protein FlhF [Flagella (VF0157)] [Legionella pneumophila subsp. pneumophila str. Philadelphia 1],
Pontiac.fasta,NZ_CP016029.2,2013500,2015578,-,flhA,1-2079/2079,===============,0/0,100.00,99.52,vfdb,YP_095811,(flhA) flagellar biosynthetic protein FlhA [Flagella (VF0157)] [Legionella pneumophila subsp. pneumophila str. Philadelphia 1],
Pontiac.fasta,NZ_CP016029.2,2015575,2016726,-,flhB,1-1152/1152,===============,0/0,100.00,98.18,vfdb,YP_095812,(flhB) flagellar biosynthetic protein FlhB [Flagella (VF0157)] [Legionella pneumophila subsp. pneumophila str. Philadelphia 1],
Pontiac.fasta,NZ_CP016029.2,2016723,2017493,-,fliR,1-771/771,===============,0/0,100.00,98.05,vfdb,YP_095813,(fliR) flagellar biosynthetic protein FliR [Flagella (VF0157)] [Legionella pneumophila subsp. pneumophila str. Philadelphia 1],
Pontiac.fasta,NZ_CP016029.2,2017497,2017766,-,fliQ,1-270/270,===============,0/0,100.00,97.78,vfdb,YP_095814,(fliQ) flagellar biosynthetic protein FliQ [Flagella (VF0157)] [Legionella pneumophila subsp. pneumophila str. Philadelphia 1],
Pontiac.fasta,NZ_CP016029.2,2017775,2018524,-,fliP,1-750/750,===============,0/0,100.00,97.20,vfdb,YP_095815,(fliP) flagellar biosynthetic protein FliP [Flagella (VF0157)] [Legionella pneumophila subsp. pneumophila str. Philadelphia 1],
Pontiac.fasta,NZ_CP016029.2,2018525,2018935,-,fliO,1-411/411,===============,0/0,100.00,96.11,vfdb,YP_095816,(fliO) flagellar protein FliO [Flagella (VF0157)] [Legionella pneumophila subsp. pneumophila str. Philadelphia 1],
Pontiac.fasta,NZ_CP016029.2,2018932,2019261,-,fliN,1-330/330,===============,0/0,100.00,96.06,vfdb,YP_095817,(fliN) flagellar motor switch protein FliN [Flagella (VF0157)] [Legionella pneumophila subsp. pneumophila str. Philadelphia 1],
Pontiac.fasta,NZ_CP016029.2,2019271,2020338,-,fliM,1-1068/1068,===============,0/0,100.00,97.66,vfdb,YP_095818,(fliM) flagellar motor switch protein FliM [Flagella (VF0157)] [Legionella pneumophila subsp. pneumophila str. Philadelphia 1],
Pontiac.fasta,NZ_CP016029.2,2024254,2025450,-,mavB,1-1197/1197,===============,0/0,100.00,97.66,vfdb,YP_095824,(mavB) Dot/Icm type IV secretion system effector mavB [Dot/Icm (VF0156)] [Legionella pneumophila subsp. pneumophila str. Philadelphia 1],
Pontiac.fasta,NZ_CP016029.2,2030369,2031304,-,lpg1803,1-936/936,===============,0/0,100.00,96.58,vfdb,YP_095829,(lpg1803) Dot/Icm type IV secretion system effector [Dot/Icm (VF0156)] [Legionella pneumophila subsp. pneumophila str. Philadelphia 1],
Pontiac.fasta,NZ_CP016029.2,2076550,2077968,+,ceg25,1-1419/1419,===============,0/0,100.00,98.17,vfdb,YP_095862,(ceg25) Dot/Icm type IV secretion system effector Ceg25 [Dot/Icm (VF0156)] [Legionella pneumophila subsp. pneumophila str. Philadelphia 1],
Pontiac.fasta,NZ_CP016029.2,2092987,2093649,-,lem14,1-663/663,===============,0/0,100.00,95.93,vfdb,YP_095877,(lem14) Dot/Icm type IV secretion system effector Lem14 [Dot/Icm (SS047)] [Legionella pneumophila subsp. pneumophila str. Philadelphia 1],
Pontiac.fasta,NZ_CP016029.2,2115539,2116678,+,lspL,1-1140/1140,===============,0/0,100.00,99.03,vfdb,YP_095894,(lspL) general secretion pathway protein L [<i>lsp</i> T2SS (VF0154)] [Legionella pneumophila subsp. pneumophila str. Philadelphia 1],
Pontiac.fasta,NZ_CP016029.2,2116675,2117145,+,lspM,1-471/471,===============,0/0,100.00,98.73,vfdb,YP_095895,(lspM) general secretion pathway protein M [<i>lsp</i> T2SS (VF0154)] [Legionella pneumophila subsp. pneumophila str. Philadelphia 1],
Pontiac.fasta,NZ_CP016029.2,2124310,2125527,+,ylfB/legC2,1-1218/1218,===============,0/0,100.00,98.44,vfdb,YP_095901,(ylfB/legC2) Dot/Icm type IV secretion system effector LegC2/YlfB [Dot/Icm (VF0156)] [Legionella pneumophila subsp. pneumophila str. Philadelphia 1],
Pontiac.fasta,NZ_CP016029.2,2129790,2131121,-,lpg1888,1-1332/1332,===============,0/0,100.00,97.97,vfdb,YP_095905,(lpg1888) Dot/Icm type IV secretion system effector [Dot/Icm (VF0156)] [Legionella pneumophila subsp. pneumophila str. Philadelphia 1],
Pontiac.fasta,NZ_CP016029.2,2132378,2134099,-,legLC8,1-1722/1722,===============,0/0,100.00,98.26,vfdb,YP_095907,(legLC8) Dot/Icm type IV secretion system effector LegLC8 [Dot/Icm (SS047)] [Legionella pneumophila subsp. pneumophila str. Philadelphia 1],
Pontiac.fasta,NZ_CP016029.2,2153790,2155595,-,lpg1907,1-1806/1806,===============,0/0,100.00,97.95,vfdb,YP_095924,(lpg1907) Dot/Icm type IV secretion system effector [Dot/Icm (VF0156)] [Legionella pneumophila subsp. pneumophila str. Philadelphia 1],
Pontiac.fasta,NZ_CP016029.2,2164851,2165279,-,pilE,1-429/429,===============,0/0,100.00,86.95,vfdb,YP_095931,(pilE) type IV pilus pilin PilE [type IV pili (AI111)] [Legionella pneumophila subsp. pneumophila str. Philadelphia 1],
Pontiac.fasta,NZ_CP016029.2,2165466,2165891,-,pilE/pilA,1-423/423,========/======,1/3,100.00,85.45,vfdb,YP_095932,(pilE/pilA) type IV pilus  assembly protein major pilin  [type IV pili (AI111)] [Legionella pneumophila subsp. pneumophila str. Philadelphia 1],
Pontiac.fasta,NZ_CP016029.2,2173937,2176729,+,lpg1924,1-2793/2793,===============,0/0,100.00,97.28,vfdb,YP_095941,(lpg1924) Dot/Icm type IV secretion system effector [Dot/Icm (VF0156)] [Legionella pneumophila subsp. pneumophila str. Philadelphia 1],
Pontiac.fasta,NZ_CP016029.2,2192091,2192705,-,lem15,1-615/615,===============,0/0,100.00,97.24,vfdb,YP_095949,(lem15) Dot/Icm type IV secretion system effector Lem15 [Dot/Icm (SS047)] [Legionella pneumophila subsp. pneumophila str. Philadelphia 1],
Pontiac.fasta,NZ_CP016029.2,2211933,2213271,-,lem17,1-1339/1341,===============,0/0,99.85,93.65,vfdb,YP_095965,(lem17) Dot/Icm type IV secretion system effector Lem17 [Dot/Icm (SS047)] [Legionella pneumophila subsp. pneumophila str. Philadelphia 1],
Pontiac.fasta,NZ_CP016029.2,2213480,2214515,+,ralF,1-1036/1125,==============.,0/0,92.09,93.73,vfdb,YP_095966,(ralF) Dot/Icm type IV secretion system effector guanine nucleotide exchange protein [Dot/Icm (VF0156)] [Legionella pneumophila subsp. pneumophila str. Philadelphia 1],
Pontiac.fasta,NZ_CP016029.2,2217027,2219308,-,legC4,1-2282/2283,===============,0/0,99.96,96.01,vfdb,YP_095969,(legC4) Dot/Icm type IV secretion system effector LegC4 [Dot/Icm (SS047)] [Legionella pneumophila subsp. pneumophila str. Philadelphia 1],
Pontiac.fasta,NZ_CP016029.2,2230167,2232161,+,lpg1959,1-1995/1995,===============,0/0,100.00,96.59,vfdb,YP_095975,(lpg1959) Dot/Icm type IV secretion system effector [Dot/Icm (VF0156)] [Legionella pneumophila subsp. pneumophila str. Philadelphia 1],
Pontiac.fasta,NZ_CP016029.2,2232345,2233118,+,lirA,1-774/774,===============,0/0,100.00,99.22,vfdb,YP_095976,(lirA) Dot/Icm type IV secretion system effector LirA [Dot/Icm (SS047)] [Legionella pneumophila subsp. pneumophila str. Philadelphia 1],
Pontiac.fasta,NZ_CP016029.2,2234831,2235397,+,lirB,1-567/567,===============,0/0,100.00,92.94,vfdb,YP_095978,(lirB) Dot/Icm type IV secretion system effector LirB [Dot/Icm (SS047)] [Legionella pneumophila subsp. pneumophila str. Philadelphia 1],
Pontiac.fasta,NZ_CP016029.2,2235606,2237143,-,pieD/lirF,1-1538/1566,===============,0/0,98.21,86.74,vfdb,YP_095982,(pieD/lirF) Dot/Icm type IV secretion system effector PieD/LirF [Dot/Icm (SS047)] [Legionella pneumophila subsp. pneumophila str. Philadelphia 1],
Pontiac.fasta,NZ_CP016029.2,2241067,2242974,-,pieE,1-1908/1908,===============,0/0,100.00,97.38,vfdb,YP_095985,(pieE) Dot/Icm type IV secretion system effector PieE [Dot/Icm (SS047)] [Legionella pneumophila subsp. pneumophila str. Philadelphia 1],
Pontiac.fasta,NZ_CP016029.2,2247677,2248054,-,pieF,1-378/378,===============,0/0,100.00,94.44,vfdb,YP_095988,(pieF) Dot/Icm type IV secretion system effector PieF [Dot/Icm (SS047)] [Legionella pneumophila subsp. pneumophila str. Philadelphia 1],
Pontiac.fasta,NZ_CP016029.2,2252626,2253265,+,lpg1975,1-651/651,========/======,3/19,97.70,85.65,vfdb,YP_095991,(lpg1975) Dot/Icm type IV secretion system effector [Dot/Icm (VF0156)] [Legionella pneumophila subsp. pneumophila str. Philadelphia 1],
Pontiac.fasta,NZ_CP016029.2,2253246,2254101,+,pieG/legG1,6-861/861,===============,0/0,99.42,87.97,vfdb,YP_095992,(pieG/legG1) Dot/Icm type IV secretion system effector PieG/LegG1 [Dot/Icm (SS047)] [Legionella pneumophila subsp. pneumophila str. Philadelphia 1],
Pontiac.fasta,NZ_CP016029.2,2254945,2256878,-,setA,1-1934/1935,===============,0/0,99.95,94.11,vfdb,YP_095994,(setA) Dot/Icm type IV secretion system effector SetA manipulating host cell vesicle trafficking factors [Dot/Icm (SS047)] [Legionella pneumophila subsp. pneumophila str. Philadelphia 1],
Pontiac.fasta,NZ_CP016029.2,2263906,2266766,-,lpg1986,1-2853/2853,========/======,11/62,99.05,86.67,vfdb,YP_096002,(lpg1986) Dot/Icm type IV secretion system effector [Dot/Icm (VF0156)] [Legionella pneumophila subsp. pneumophila str. Philadelphia 1],
Pontiac.fasta,NZ_CP016029.2,2291653,2292687,-,pilT,1-1035/1035,===============,0/0,100.00,97.78,vfdb,YP_096029,(pilT) type IV pilus twitching motility protein PilT [type IV pili (AI111)] [Legionella pneumophila subsp. pneumophila str. Philadelphia 1],
Pontiac.fasta,NZ_CP016029.2,2332897,2333955,-,lpg2050,1-1059/1059,===============,0/0,100.00,97.45,vfdb,YP_096066,(lpg2050) Dot/Icm type IV secretion system effector [Dot/Icm (VF0156)] [Legionella pneumophila subsp. pneumophila str. Philadelphia 1],
Pontiac.fasta,NZ_CP016029.2,2430854,2432476,-,legK2,1-1617/1617,========/======,4/8,99.94,87.62,vfdb,YP_096150,(legK2) Dot/Icm type IV secretion system effector LegK2 calmodulin-dependent protein kinase [Dot/Icm (SS047)] [Legionella pneumophila subsp. pneumophila str. Philadelphia 1],
Pontiac.fasta,NZ_CP016029.2,2437266,2437784,+,ankB/legAU13/ceg27,1-519/519,===============,0/0,100.00,92.49,vfdb,YP_096157,(ankB/legAU13/ceg27) Dot/Icm type IV secretion system effector AnkB/LegAU13/Ceg27 E3 ubiquitin ligase [Dot/Icm (SS047)] [Legionella pneumophila subsp. pneumophila str. Philadelphia 1],
Pontiac.fasta,NZ_CP016029.2,2441089,2442537,+,mavC,1-1449/1449,===============,0/0,100.00,97.38,vfdb,YP_096160,(mavC) Dot/Icm type IV secretion system effector MavC [Dot/Icm (VF0156)] [Legionella pneumophila subsp. pneumophila str. Philadelphia 1],
Pontiac.fasta,NZ_CP016029.2,2444831,2446110,+,lpg2148,1-1280/1281,===============,0/0,99.92,97.81,vfdb,YP_096161,(lpg2148) Dot/Icm type IV secretion system effector [Dot/Icm (VF0156)] [Legionella pneumophila subsp. pneumophila str. Philadelphia 1],
Pontiac.fasta,NZ_CP016029.2,2446199,2446558,+,lpg2149,1-360/360,===============,0/0,100.00,98.89,vfdb,YP_096162,(lpg2149) Dot/Icm type IV secretion system effector [Dot/Icm (VF0156)] [Legionella pneumophila subsp. pneumophila str. Philadelphia 1],
Pontiac.fasta,NZ_CP016029.2,2450515,2455122,+,sdeC/laiC,1-4602/4602,========/======,4/12,99.93,90.15,vfdb,YP_096166,(sdeC/laiC) Dot/Icm type IV secretion system effector SdeC [Dot/Icm (VF0156)] [Legionella pneumophila subsp. pneumophila str. Philadelphia 1],
Pontiac.fasta,NZ_CP016029.2,2455552,2456457,+,laiE,1-906/906,===============,0/0,100.00,97.68,vfdb,YP_096167,(laiE) Dot/Icm type IV secretion system effector LaiE [Dot/Icm (SS047)] [Legionella pneumophila subsp. pneumophila str. Philadelphia 1],
Pontiac.fasta,NZ_CP016029.2,2456510,2459128,+,sidJ,1-2619/2622,===============,0/0,99.89,97.67,vfdb,YP_096168,(sidJ) Dot/Icm type IV secretion system effector SidJ [Dot/Icm (SS047)] [Legionella pneumophila subsp. pneumophila str. Philadelphia 1],
Pontiac.fasta,NZ_CP016029.2,2470330,2474850,+,sdeA/laiA,1-4521/4521,========/======,2/4,99.96,93.21,vfdb,YP_096170,(sdeA/laiA) Dot/Icm type IV secretion system effector LaiA/SdeA promoting bacterial adherence and uptake [Dot/Icm (VF0156)] [Legionella pneumophila subsp. pneumophila str. Philadelphia 1],
Pontiac.fasta,NZ_CP016029.2,2477393,2478841,-,lpg2160,1-1449/1449,===============,0/0,100.00,98.00,vfdb,YP_096173,(lpg2160) Dot/Icm type IV secretion system effector [Dot/Icm (SS047)] [Legionella pneumophila subsp. pneumophila str. Philadelphia 1],
Pontiac.fasta,NZ_CP016029.2,2484229,2485488,+,lem19,1-1260/1260,===============,0/0,100.00,97.46,vfdb,YP_096179,(lem19) Dot/Icm type IV secretion system effector Lem19 [Dot/Icm (SS047)] [Legionella pneumophila subsp. pneumophila str. Philadelphia 1],
Pontiac.fasta,NZ_CP016029.2,2492639,2494465,-,legS2,1-1827/1827,===============,0/0,100.00,94.36,vfdb,YP_096188,(legS2) Dot/Icm type IV secretion system effector LegS2 targeting mitochondria [Dot/Icm (SS047)] [Legionella pneumophila subsp. pneumophila str. Philadelphia 1],
Pontiac.fasta,NZ_CP016029.2,2534597,2535227,-,cegC4,1-633/633,========/======,1/2,99.68,87.68,vfdb,YP_096211,(cegC4) Dot/Icm type IV secretion system effector CegC4 [Dot/Icm (VF0156)] [Legionella pneumophila subsp. pneumophila str. Philadelphia 1],
Pontiac.fasta,NZ_CP016029.2,2535394,2535930,-,cegC4,1-537/537,===============,0/0,100.00,92.92,vfdb,YP_096212,(cegC4) Dot/Icm type IV secretion system effector CegC4 [Dot/Icm (SS047)] [Legionella pneumophila subsp. pneumophila str. Philadelphia 1],
Pontiac.fasta,NZ_CP016029.2,2542366,2543466,+,wipC,1-1101/1101,===============,0/0,100.00,98.55,vfdb,YP_096218,(wipC) Dot/Icm type IV secretion system effector WipC [Dot/Icm (VF0156)] [Legionella pneumophila subsp. pneumophila str. Philadelphia 1],
Pontiac.fasta,NZ_CP016029.2,2551955,2553550,-,legA2,1-1596/1596,===============,0/0,100.00,98.37,vfdb,YP_096227,(legA2) Dot/Icm type IV secretion system effector LegA2 [Dot/Icm (SS047)] [Legionella pneumophila subsp. pneumophila str. Philadelphia 1],
Pontiac.fasta,NZ_CP016029.2,2553571,2555343,-,lem20,1-1773/1773,===============,0/0,100.00,98.42,vfdb,YP_096228,(lem20) Dot/Icm type IV secretion system effector Lem20 [Dot/Icm (VF0156)] [Legionella pneumophila subsp. pneumophila str. Philadelphia 1],
Pontiac.fasta,NZ_CP016029.2,2561828,2562955,-,lpnE,1-1128/1128,===============,0/0,100.00,98.32,vfdb,YP_096234,(lpnE) Dot/Icm type IV secretion system effector LpnE [Dot/Icm (SS047)] [Legionella pneumophila subsp. pneumophila str. Philadelphia 1],
Pontiac.fasta,NZ_CP016029.2,2583317,2587174,+,lpg2239,1-3858/3858,===============,0/0,100.00,97.90,vfdb,YP_096251,(lpg2239) Dot/Icm type IV secretion system effector [Dot/Icm (VF0156)] [Legionella pneumophila subsp. pneumophila str. Philadelphia 1],
Pontiac.fasta,NZ_CP016029.2,2598712,2600946,-,lem21,1-2235/2235,===============,0/0,100.00,99.06,vfdb,YP_096260,(lem21) Dot/Icm type IV secretion system effector Lem21 [Dot/Icm (SS047)] [Legionella pneumophila subsp. pneumophila str. Philadelphia 1],
Pontiac.fasta,NZ_CP016029.2,2623952,2624599,+,lpg2271,1-651/651,========/======,1/3,99.54,98.62,vfdb,YP_096283,(lpg2271) Dot/Icm type IV secretion system effector [Dot/Icm (VF0156)] [Legionella pneumophila subsp. pneumophila str. Philadelphia 1],
Pontiac.fasta,NZ_CP016029.2,2643630,2644907,-,ylfA/legC7,1-1278/1278,===============,0/0,100.00,97.97,vfdb,YP_096307,(ylfA/legC7) Dot/Icm type IV secretion system effector LegC7/YlfA [Dot/Icm (VF0156)] [Legionella pneumophila subsp. pneumophila str. Philadelphia 1],
Pontiac.fasta,NZ_CP016029.2,2648489,2649892,-,ankH/legA3/ankW,1-1404/1404,===============,0/0,100.00,98.58,vfdb,YP_096309,(ankH/legA3/ankW) Dot/Icm type IV secretion system effector AnkH/LegA3 [Dot/Icm (SS047)] [Legionella pneumophila subsp. pneumophila str. Philadelphia 1],
Pontiac.fasta,NZ_CP016029.2,2657909,2661151,-,ceg28,262-3504/3504,.==============,0/0,92.55,95.56,vfdb,YP_096320,(ceg28) Dot/Icm type IV secretion system effector Ceg28 [Dot/Icm (VF0156)] [Legionella pneumophila subsp. pneumophila str. Philadelphia 1],
Pontiac.fasta,NZ_CP016029.2,2671026,2672951,-,ankK/legA5,1-1926/1926,===============,0/0,100.00,98.60,vfdb,YP_096331,(ankK/legA5) Dot/Icm type IV secretion system effector AnkK/LegA5 [Dot/Icm (SS047)] [Legionella pneumophila subsp. pneumophila str. Philadelphia 1],
Pontiac.fasta,NZ_CP016029.2,2678884,2679762,+,lpg2327,1-894/894,========/======,2/15,98.32,93.29,vfdb,YP_096336,(lpg2327) Dot/Icm type IV secretion system effector [Dot/Icm (SS047)] [Legionella pneumophila subsp. pneumophila str. Philadelphia 1],
Pontiac.fasta,NZ_CP016029.2,2680027,2680409,+,lem22,1-383/384,===============,0/0,99.74,97.39,vfdb,YP_096337,(lem22) Dot/Icm type IV secretion system effector Lem22 [Dot/Icm (SS047)] [Legionella pneumophila subsp. pneumophila str. Philadelphia 1],
Pontiac.fasta,NZ_CP016029.2,2694121,2694747,+,mavE,1-627/627,===============,0/0,100.00,98.72,vfdb,YP_096353,(mavE) Dot/Icm type IV secretion system effector MavE [Dot/Icm (VF0156)] [Legionella pneumophila subsp. pneumophila str. Philadelphia 1],
Pontiac.fasta,NZ_CP016029.2,2700853,2701341,+,sodC,1-489/489,===============,0/0,100.00,98.36,vfdb,YP_096357,(sodC) superoxide dismutase (copper-zinc) [SodC (VF0170)] [Legionella pneumophila subsp. pneumophila str. Philadelphia 1],
Pontiac.fasta,NZ_CP016029.2,2702593,2703513,+,mavF,1-921/921,===============,0/0,100.00,97.50,vfdb,YP_096360,(mavF) Dot/Icm type IV secretion system effector MavF [Dot/Icm (VF0156)] [Legionella pneumophila subsp. pneumophila str. Philadelphia 1],
Pontiac.fasta,NZ_CP016029.2,2710939,2711382,+,lpg2359,1-444/444,===============,0/0,100.00,98.20,vfdb,YP_096368,(lpg2359) Dot/Icm type IV secretion system effector [Dot/Icm (VF0156)] [Legionella pneumophila subsp. pneumophila str. Philadelphia 1],
Pontiac.fasta,NZ_CP016029.2,2817201,2818139,+,lpg2370,1-939/939,===============,0/0,100.00,91.27,vfdb,YP_096378,(lpg2370) Dot/Icm type IV secretion system effector [Dot/Icm (VF0156)] [Legionella pneumophila subsp. pneumophila str. Philadelphia 1],
Pontiac.fasta,NZ_CP016029.2,2820881,2822302,+,lpg2382,1-1422/1455,===============,0/0,97.73,90.93,vfdb,YP_096390,(lpg2382) Dot/Icm type IV secretion system effector [Dot/Icm (VF0156)] [Legionella pneumophila subsp. pneumophila str. Philadelphia 1],
Pontiac.fasta,NZ_CP016029.2,2836468,2838663,+,katB,1-2196/2196,===============,0/0,100.00,94.58,vfdb,YP_096397,(katB) catalase-peroxidase KatB [KatAB (VF0168)] [Legionella pneumophila subsp. pneumophila str. Philadelphia 1],
Pontiac.fasta,NZ_CP016029.2,2842085,2843388,-,sdbC,1-1304/1305,===============,0/0,99.92,93.71,vfdb,YP_096399,(sdbC) Dot/Icm type IV secretion system effector SdbC [Dot/Icm (SS047)] [Legionella pneumophila subsp. pneumophila str. Philadelphia 1],
Pontiac.fasta,NZ_CP016029.2,2843658,2844542,+,legL6,1-885/885,===============,0/0,100.00,96.61,vfdb,YP_096400,(legL6) Dot/Icm type IV secretion system effector LegL6 [Dot/Icm (SS047)] [Legionella pneumophila subsp. pneumophila str. Philadelphia 1],
Pontiac.fasta,NZ_CP016029.2,2858709,2859806,+,lem23,1-1098/1098,===============,0/0,100.00,97.45,vfdb,YP_096414,(lem23) Dot/Icm type IV secretion system effector Lem23 [Dot/Icm (SS047)] [Legionella pneumophila subsp. pneumophila str. Philadelphia 1],
Pontiac.fasta,NZ_CP016029.2,2859988,2860293,-,lpg2407,1-306/306,===============,0/0,100.00,98.37,vfdb,YP_096415,(lpg2407) Dot/Icm type IV secretion system effector [Dot/Icm (SS047)] [Legionella pneumophila subsp. pneumophila str. Philadelphia 1],
Pontiac.fasta,NZ_CP016029.2,2861501,2862319,+,ceg29,1-819/819,===============,0/0,100.00,98.41,vfdb,YP_096417,(ceg29) Dot/Icm type IV secretion system effector Ceg29 [Dot/Icm (SS047)] [Legionella pneumophila subsp. pneumophila str. Philadelphia 1],
Pontiac.fasta,NZ_CP016029.2,2864495,2866492,+,vpdA,1-1998/1998,===============,0/0,100.00,97.50,vfdb,YP_096418,(vpdA) Dot/Icm type IV secretion system effector VdpA [Dot/Icm (SS047)] [Legionella pneumophila subsp. pneumophila str. Philadelphia 1],
Pontiac.fasta,NZ_CP016029.2,2866595,2867422,-,lem24,1-828/828,===============,0/0,100.00,96.14,vfdb,YP_096419,(lem24) Dot/Icm type IV secretion system effector Lem24 [Dot/Icm (SS047)] [Legionella pneumophila subsp. pneumophila str. Philadelphia 1],
Pontiac.fasta,NZ_CP016029.2,2870968,2872074,+,legA1,1-1107/1107,===============,0/0,100.00,90.61,vfdb,YP_096424,(legA1) Dot/Icm type IV secretion system effector LegA1 [Dot/Icm (VF0156)] [Legionella pneumophila subsp. pneumophila str. Philadelphia 1],
Pontiac.fasta,NZ_CP016029.2,2876058,2876608,+,lpg2420,1-551/552,===============,0/0,99.82,95.46,vfdb,YP_096428,(lpg2420) Dot/Icm type IV secretion system effector [Dot/Icm (VF0156)] [Legionella pneumophila subsp. pneumophila str. Philadelphia 1],
Pontiac.fasta,NZ_CP016029.2,2878875,2881136,-,lem25,1-2262/2262,===============,0/0,100.00,98.19,vfdb,YP_096430,(lem25) Dot/Icm type IV secretion system effector Lem25 [Dot/Icm (SS047)] [Legionella pneumophila subsp. pneumophila str. Philadelphia 1],
Pontiac.fasta,NZ_CP016029.2,2883244,2884587,-,mavG,1-1347/1347,========/======,1/3,99.78,94.36,vfdb,YP_096432,(mavG) Dot/Icm type IV secretion system effector MavG [Dot/Icm (VF0156)] [Legionella pneumophila subsp. pneumophila str. Philadelphia 1],
Pontiac.fasta,NZ_CP016029.2,2885764,2886570,-,mavH,1-807/807,===============,0/0,100.00,90.33,vfdb,YP_096433,(mavH) Dot/Icm type IV secretion system effector MavH [Dot/Icm (VF0156)] [Legionella pneumophila subsp. pneumophila str. Philadelphia 1],
Pontiac.fasta,NZ_CP016029.2,2897766,2899562,+,ceg30,1-1761/1761,========/======,1/36,100.00,94.16,vfdb,YP_096441,(ceg30) Dot/Icm type IV secretion system effector Ceg30 [Dot/Icm (SS047)] [Legionella pneumophila subsp. pneumophila str. Philadelphia 1],
Pontiac.fasta,NZ_CP016029.2,2899829,2900323,+,lpg2434,1-495/495,===============,0/0,100.00,92.32,vfdb,YP_096442,(lpg2434) Dot/Icm type IV secretion system effector [Dot/Icm (VF0156)] [Legionella pneumophila subsp. pneumophila str. Philadelphia 1],
Pontiac.fasta,NZ_CP016029.2,2906836,2907393,-,lpg2443,1-558/558,===============,0/0,100.00,97.67,vfdb,YP_096451,(lpg2443) Dot/Icm type IV secretion system effector [Dot/Icm (VF0156)] [Legionella pneumophila subsp. pneumophila str. Philadelphia 1],
Pontiac.fasta,NZ_CP016029.2,2907620,2908234,-,mavI,1-615/615,===============,0/0,100.00,98.86,vfdb,YP_096452,(mavI) Dot/Icm type IV secretion system effector MavI [Dot/Icm (VF0156)] [Legionella pneumophila subsp. pneumophila str. Philadelphia 1],
Pontiac.fasta,NZ_CP016029.2,2912110,2914875,-,ankF/legA14/ceg31,1-2766/2766,===============,0/0,100.00,97.97,vfdb,YP_096459,(ankF/legA14/ceg31) Dot/Icm type IV secretion system effector AnkF/LegA14/Ceg31 [Dot/Icm (SS047)] [Legionella pneumophila subsp. pneumophila str. Philadelphia 1],
Pontiac.fasta,NZ_CP016029.2,2918037,2919458,+,ankD/legA15,1-1416/1416,========/======,1/6,100.00,91.84,vfdb,YP_096463,(ankD/legA15) Dot/Icm type IV secretion system effector AnkD/LegA15 [Dot/Icm (SS047)] [Legionella pneumophila subsp. pneumophila str. Philadelphia 1],
Pontiac.fasta,NZ_CP016029.2,2922514,2923152,+,lpg2461,1-639/639,===============,0/0,100.00,98.91,vfdb,YP_096468,(lpg2461) Dot/Icm type IV secretion system effector [Dot/Icm (VF0156)] [Legionella pneumophila subsp. pneumophila str. Philadelphia 1],
Pontiac.fasta,NZ_CP016029.2,2939935,2941281,+,sdbB,1-1347/1347,===============,0/0,100.00,94.43,vfdb,YP_096489,(sdbB) Dot/Icm type IV secretion system effector SdbB [Dot/Icm (SS047)] [Legionella pneumophila subsp. pneumophila str. Philadelphia 1],
Pontiac.fasta,NZ_CP016029.2,2948521,2952405,+,lepB,1-3885/3885,===============,0/0,100.00,97.01,vfdb,YP_096497,(lepB) Dot/Icm type IV secretion system effector LepB Rab1 GTPase activating protein (GAP) [Dot/Icm (VF0156)] [Legionella pneumophila subsp. pneumophila str. Philadelphia 1],
Pontiac.fasta,NZ_CP016029.2,2960504,2961430,+,mavJ,1-927/933,===============,0/0,99.36,91.37,vfdb,YP_096505,(mavJ) Dot/Icm type IV secretion system effector MavJ [Dot/Icm (VF0156)] [Legionella pneumophila subsp. pneumophila str. Philadelphia 1],
Pontiac.fasta,NZ_CP016029.2,2966363,2969191,+,ceg32/sidI,1-2829/2829,===============,0/0,100.00,97.63,vfdb,YP_096511,(ceg32/sidI) Dot/Icm type IV secretion system effector Ceg32/SidI [Dot/Icm (SS047)] [Legionella pneumophila subsp. pneumophila str. Philadelphia 1],
Pontiac.fasta,NZ_CP016029.2,2969193,2970082,+,lpg2505,1-887/888,========/======,2/3,99.89,93.93,vfdb,YP_096512,(lpg2505) Dot/Icm type IV secretion system effector [Dot/Icm (VF0156)] [Legionella pneumophila subsp. pneumophila str. Philadelphia 1],
Pontiac.fasta,NZ_CP016029.2,2972891,2975314,-,sdjA,1-2424/2424,===============,0/0,100.00,97.24,vfdb,YP_096515,(sdjA) Dot/Icm type IV secretion system effector SdjA [Dot/Icm (SS047)] [Legionella pneumophila subsp. pneumophila str. Philadelphia 1],
Pontiac.fasta,NZ_CP016029.2,2975387,2976579,-,sdeD/laiF,1-1193/1194,===============,0/0,99.92,96.81,vfdb,YP_096516,(sdeD/laiF) Dot/Icm type IV secretion system effector SdeD [Dot/Icm (VF0156)] [Legionella pneumophila subsp. pneumophila str. Philadelphia 1],
Pontiac.fasta,NZ_CP016029.2,2994875,2997196,+,lem26,1-2337/2340,========/======,4/17,99.19,91.70,vfdb,YP_096530,(lem26) Dot/Icm type IV secretion system effector Lem26 [Dot/Icm (SS047)] [Legionella pneumophila subsp. pneumophila str. Philadelphia 1],
Pontiac.fasta,NZ_CP016029.2,2998472,2999836,-,mavL,1-1368/1368,========/======,1/3,99.78,98.25,vfdb,YP_096533,(mavL) Dot/Icm type IV secretion system effector MavL [Dot/Icm (VF0156)] [Legionella pneumophila subsp. pneumophila str. Philadelphia 1],
Pontiac.fasta,NZ_CP016029.2,3000180,3001853,-,lpg2527,1-1677/1677,========/======,1/3,99.82,97.20,vfdb,YP_096534,(lpg2527) Dot/Icm type IV secretion system effector [Dot/Icm (SS047)] [Legionella pneumophila subsp. pneumophila str. Philadelphia 1],
Pontiac.fasta,NZ_CP016029.2,3003972,3005701,-,lem27,1-1718/1719,========/======,1/12,99.94,95.72,vfdb,YP_096536,(lem27) Dot/Icm type IV secretion system effector Lem27 [Dot/Icm (SS047)] [Legionella pneumophila subsp. pneumophila str. Philadelphia 1],
Pontiac.fasta,NZ_CP016029.2,3013865,3015281,-,lpg2538,1-1416/1416,========/======,1/1,100.00,97.25,vfdb,YP_096545,(lpg2538) Dot/Icm type IV secretion system effector [Dot/Icm (VF0156)] [Legionella pneumophila subsp. pneumophila str. Philadelphia 1],
Pontiac.fasta,NZ_CP016029.2,3015863,3016270,-,lpg2539,1-408/408,===============,0/0,100.00,96.57,vfdb,YP_096546,(lpg2539) Dot/Icm type IV secretion system effector [Dot/Icm (VF0156)] [Legionella pneumophila subsp. pneumophila str. Philadelphia 1],
Pontiac.fasta,NZ_CP016029.2,3016981,3017814,-,lpg2541,1-834/834,===============,0/0,100.00,95.68,vfdb,YP_096548,(lpg2541) Dot/Icm type IV secretion system effector [Dot/Icm (VF0156)] [Legionella pneumophila subsp. pneumophila str. Philadelphia 1],
Pontiac.fasta,NZ_CP016029.2,3022940,3024349,-,lpg2546,1-1410/1410,===============,0/0,100.00,97.16,vfdb,YP_096553,(lpg2546) Dot/Icm type IV secretion system effector [Dot/Icm (VF0156)] [Legionella pneumophila subsp. pneumophila str. Philadelphia 1],
Pontiac.fasta,NZ_CP016029.2,3030311,3031978,-,lpg2552,1-1668/1668,===============,0/0,100.00,96.70,vfdb,YP_096559,(lpg2552) Dot/Icm type IV secretion system effector [Dot/Icm (VF0156)] [Legionella pneumophila subsp. pneumophila str. Philadelphia 1],
Pontiac.fasta,NZ_CP016029.2,3034739,3035593,-,lpg2555,1-855/855,===============,0/0,100.00,97.89,vfdb,YP_096562,(lpg2555) Dot/Icm type IV secretion system effector [Dot/Icm (VF0156)] [Legionella pneumophila subsp. pneumophila str. Philadelphia 1],
Pontiac.fasta,NZ_CP016029.2,3036182,3037570,+,legK3,1-1389/1389,===============,0/0,100.00,98.13,vfdb,YP_096563,(legK3) Dot/Icm type IV secretion system effector LegK3 [Dot/Icm (SS047)] [Legionella pneumophila subsp. pneumophila str. Philadelphia 1],
Pontiac.fasta,NZ_CP016029.2,3044372,3045124,-,mavM,1-759/759,========/======,1/6,99.21,94.20,vfdb,YP_096582,(mavM) Dot/Icm type IV secretion system effector MavM [Dot/Icm (VF0156)] [Legionella pneumophila subsp. pneumophila str. Philadelphia 1],
Pontiac.fasta,NZ_CP016029.2,3051027,3051365,+,flhB,1-339/339,===============,0/0,100.00,99.70,vfdb,YP_096588,(flhB) flagellar protein FlhB [polar flagella (AI149)] [Legionella pneumophila subsp. pneumophila str. Philadelphia 1],
Pontiac.fasta,NZ_CP016029.2,3051849,3054587,+,sidF,1-2739/2739,===============,0/0,100.00,97.66,vfdb,YP_096589,(sidF) Dot/Icm type IV secretion system effector SidF phosphoinositide 3-phosphatase [Dot/Icm (VF0156)] [Legionella pneumophila subsp. pneumophila str. Philadelphia 1],
Pontiac.fasta,NZ_CP016029.2,3058428,3059585,-,legS1,1-1158/1158,===============,0/0,100.00,98.27,vfdb,YP_096593,(legS1) Dot/Icm type IV secretion system effector LegS1 [Dot/Icm (VF0156)] [Legionella pneumophila subsp. pneumophila str. Philadelphia 1],
Pontiac.fasta,NZ_CP016029.2,3064203,3064706,-,ceg33,1-498/498,========/======,1/6,100.00,97.42,vfdb,YP_096596,(ceg33) Dot/Icm type IV secretion system effector Ceg33 [Dot/Icm (SS047)] [Legionella pneumophila subsp. pneumophila str. Philadelphia 1],
Pontiac.fasta,NZ_CP016029.2,3076688,3077992,+,lem28,1-1305/1305,===============,0/0,100.00,97.93,vfdb,YP_096608,(lem28) Dot/Icm type IV secretion system effector Lem28 [Dot/Icm (VF0156)] [Legionella pneumophila subsp. pneumophila str. Philadelphia 1],
Pontiac.fasta,NZ_CP016029.2,3109056,3109808,-,lpg2628,1-753/753,===============,0/0,100.00,98.27,vfdb,YP_096633,(lpg2628) Dot/Icm type IV secretion system effector [Dot/Icm (VF0156)] [Legionella pneumophila subsp. pneumophila str. Philadelphia 1],
Pontiac.fasta,NZ_CP016029.2,3118136,3119347,-,lpg2637,1-1212/1212,===============,0/0,100.00,98.93,vfdb,YP_096642,(lpg2637) Dot/Icm type IV secretion system effector [Dot/Icm (VF0156)] [Legionella pneumophila subsp. pneumophila str. Philadelphia 1],
Pontiac.fasta,NZ_CP016029.2,3119699,3121081,-,mavV,1-1383/1383,===============,0/0,100.00,98.34,vfdb,YP_096643,(mavV) Dot/Icm type IV secretion system effector MavV [Dot/Icm (VF0156)] [Legionella pneumophila subsp. pneumophila str. Philadelphia 1],
Pontiac.fasta,NZ_CP016029.2,3121489,3125091,-,enhC,1-3603/3603,===============,0/0,100.00,97.61,vfdb,YP_096644,(enhC) enhanced entry protein EnhC [enh loci (VF0163)] [Legionella pneumophila subsp. pneumophila str. Philadelphia 1],
Pontiac.fasta,NZ_CP016029.2,3125118,3125684,-,enhB,1-567/567,===============,0/0,100.00,98.41,vfdb,YP_096645,(enhB) enhanced entry protein EnhB [enh loci (VF0163)] [Legionella pneumophila subsp. pneumophila str. Philadelphia 1],
Pontiac.fasta,NZ_CP016029.2,3125681,3126403,-,enhA,1-723/723,===============,0/0,100.00,99.03,vfdb,YP_096646,(enhA) enhanced entry protein EnhA [enh loci (VF0163)] [Legionella pneumophila subsp. pneumophila str. Philadelphia 1],
Pontiac.fasta,NZ_CP016029.2,3143925,3146180,-,feoB,1-2256/2256,===============,0/0,100.00,98.94,vfdb,YP_096662,(feoB) ferrous iron transporter B [FeoAB (VF0160)] [Legionella pneumophila subsp. pneumophila str. Philadelphia 1],
Pontiac.fasta,NZ_CP016029.2,3146177,3146404,-,feoA,1-228/228,===============,0/0,100.00,98.68,vfdb,YP_096663,(feoA) ferrous iron transporter A [FeoAB (VF0160)] [Legionella pneumophila subsp. pneumophila str. Philadelphia 1],
Pontiac.fasta,NZ_CP016029.2,3161063,3161554,+,dotD,1-492/492,===============,0/0,100.00,98.17,vfdb,YP_096679,(dotD) Dot/Icm type IV secretion system outer membrane subcomplex protein DotD [Dot/Icm (VF0156)] [Legionella pneumophila subsp. pneumophila str. Philadelphia 1],
Pontiac.fasta,NZ_CP016029.2,3161535,3162446,+,dotC,1-912/912,===============,0/0,100.00,98.79,vfdb,YP_096680,(dotC) Dot/Icm type IV secretion system outer membrane subcomplex protein DotC [Dot/Icm (VF0156)] [Legionella pneumophila subsp. pneumophila str. Philadelphia 1],
Pontiac.fasta,NZ_CP016029.2,3162416,3163579,+,dotB,1-1164/1164,===============,0/0,100.00,98.54,vfdb,YP_096681,(dotB) Dot/Icm type IV secretion system ATPase DotB [Dot/Icm (VF0156)] [Legionella pneumophila subsp. pneumophila str. Philadelphia 1],
Pontiac.fasta,NZ_CP016029.2,3177408,3177863,-,icmV,1-456/456,===============,0/0,100.00,91.67,vfdb,YP_096692,(icmV) Dot/Icm type IV secretion system protein IcmV [Dot/Icm (VF0156)] [Legionella pneumophila subsp. pneumophila str. Philadelphia 1],
Pontiac.fasta,NZ_CP016029.2,3177976,3178431,+,icmW,1-456/456,===============,0/0,100.00,95.39,vfdb,YP_096693,(icmW) Dot/Icm type IV secretion system chaperone IcmW [Dot/Icm (VF0156)] [Legionella pneumophila subsp. pneumophila str. Philadelphia 1],
Pontiac.fasta,NZ_CP016029.2,3178431,3179834,+,icmX,1-1401/1401,========/======,5/17,99.50,87.24,vfdb,YP_096694,(icmX) Dot/Icm type IV secretion system protein IcmX [Dot/Icm (VF0156)] [Legionella pneumophila subsp. pneumophila str. Philadelphia 1],
Pontiac.fasta,NZ_CP016029.2,3184637,3185167,+,lpg2692,1-531/531,===============,0/0,100.00,97.55,vfdb,YP_096697,(lpg2692) Dot/Icm type IV secretion system effector [Dot/Icm (VF0156)] [Legionella pneumophila subsp. pneumophila str. Philadelphia 1],
Pontiac.fasta,NZ_CP016029.2,3186163,3187020,-,legD1,1-858/858,===============,0/0,100.00,98.37,vfdb,YP_096699,(legD1) Dot/Icm type IV secretion system effector LegD1 [Dot/Icm (VF0156)] [Legionella pneumophila subsp. pneumophila str. Philadelphia 1],
Pontiac.fasta,NZ_CP016029.2,3209637,3211199,-,wipA,1-1563/1563,===============,0/0,100.00,97.76,vfdb,YP_096722,(wipA) Dot/Icm type IV secretion system effector WipA [Dot/Icm (VF0156)] [Legionella pneumophila subsp. pneumophila str. Philadelphia 1],
Pontiac.fasta,NZ_CP016029.2,3212610,3213641,+,legN,1-1032/1032,===============,0/0,100.00,97.67,vfdb,YP_096724,(legN) Dot/Icm type IV secretion system effector LegN [Dot/Icm (VF0156)] [Legionella pneumophila subsp. pneumophila str. Philadelphia 1],
Pontiac.fasta,NZ_CP016029.2,3234044,3235213,-,lpg2744,1-1170/1170,===============,0/0,100.00,98.20,vfdb,YP_096747,(lpg2744) Dot/Icm type IV secretion system effector  [Dot/Icm (SS047)] [Legionella pneumophila subsp. pneumophila str. Philadelphia 1],
Pontiac.fasta,NZ_CP016029.2,3235374,3237341,-,lpg2745,1-1968/1968,===============,0/0,100.00,97.97,vfdb,YP_096748,(lpg2745) Dot/Icm type IV secretion system effector [Dot/Icm (VF0156)] [Legionella pneumophila subsp. pneumophila str. Philadelphia 1],
Pontiac.fasta,NZ_CP016029.2,3294008,3295735,+,frgA,1-1728/1728,===============,0/0,100.00,97.40,vfdb,YP_096795,(frgA) siderophore biosynthetic protein iron repressed gene FrgA [FrgA (VF0290)] [Legionella pneumophila subsp. pneumophila str. Philadelphia 1],
Pontiac.fasta,NZ_CP016029.2,3298212,3299618,-,lem29,1-1407/1407,===============,0/0,100.00,97.44,vfdb,YP_096799,(lem29) Dot/Icm type IV secretion system effector Lem29 [Dot/Icm (SS047)] [Legionella pneumophila subsp. pneumophila str. Philadelphia 1],
Pontiac.fasta,NZ_CP016029.2,3312984,3313844,+,vipE,1-861/861,===============,0/0,100.00,98.61,vfdb,YP_096808,(vipE) Dot/Icm type IV secretion system effector VipE [Dot/Icm (VF0156)] [Legionella pneumophila subsp. pneumophila str. Philadelphia 1],
Pontiac.fasta,NZ_CP016029.2,3315243,3317294,+,mavN,1-2052/2052,===============,0/0,100.00,95.61,vfdb,YP_096810,(mavN) Dot/Icm type IV secretion system effector MavN [Dot/Icm (VF0156)] [Legionella pneumophila subsp. pneumophila str. Philadelphia 1],
Pontiac.fasta,NZ_CP016029.2,3329723,3331453,-,ceg34,1-1734/1734,========/======,1/3,99.83,96.89,vfdb,YP_096821,(ceg34) Dot/Icm type IV secretion system effector Ceg34 [Dot/Icm (SS047)] [Legionella pneumophila subsp. pneumophila str. Philadelphia 1],
Pontiac.fasta,NZ_CP016029.2,3332925,3334181,+,lpg2828,1-1257/1257,===============,0/0,100.00,97.85,vfdb,YP_096823,(lpg2828) Dot/Icm type IV secretion system effector [Dot/Icm (VF0156)] [Legionella pneumophila subsp. pneumophila str. Philadelphia 1],
Pontiac.fasta,NZ_CP016029.2,3334248,3340925,-,sidH,1-6678/6678,===============,0/0,100.00,98.04,vfdb,YP_096824,(sidH) Dot/Icm type IV secretion system effector SidH [Dot/Icm (VF0156)] [Legionella pneumophila subsp. pneumophila str. Philadelphia 1],
Pontiac.fasta,NZ_CP016029.2,3341046,3341786,-,lubX/legU2,1-741/741,===============,0/0,100.00,99.33,vfdb,YP_096825,(lubX/legU2) Dot/Icm type IV secretion system effector LubX/LegU2 E3 ubiquitin ligase [Dot/Icm (SS047)] [Legionella pneumophila subsp. pneumophila str. Philadelphia 1],
Pontiac.fasta,NZ_CP016029.2,3342038,3343894,+,vipD,1-1857/1866,===============,0/0,99.52,97.47,vfdb,YP_096826,(vipD) Dot/Icm type IV secretion system effector VipD Phospholipase A1 [Dot/Icm (VF0156)] [Legionella pneumophila subsp. pneumophila str. Philadelphia 1],
Pontiac.fasta,NZ_CP016029.2,3343962,3345600,-,lpg2832,1-1639/1641,===============,0/0,99.88,98.72,vfdb,YP_096827,(lpg2832) Dot/Icm type IV secretion system effector [Dot/Icm (VF0156)] [Legionella pneumophila subsp. pneumophila str. Philadelphia 1],
Pontiac.fasta,NZ_CP016029.2,3358919,3359864,-,lpg2844,1-903/1086,========/====..,8/49,82.87,87.25,vfdb,YP_096839,(lpg2844) Dot/Icm type IV secretion system effector [Dot/Icm (VF0156)] [Legionella pneumophila subsp. pneumophila str. Philadelphia 1],
Pontiac.fasta,NZ_CP016029.2,3379437,3381347,-,lgt2/legC8,1-1911/1911,===============,0/0,100.00,96.23,vfdb,YP_096856,(lgt2/legC8) Dot/Icm type IV secretion system effector Lgt2/LegC8 glucosyltransferase [Dot/Icm (SS047)] [Legionella pneumophila subsp. pneumophila str. Philadelphia 1],
Pontiac.fasta,NZ_CP016029.2,3393709,3394593,-,lpg2874,1-885/885,===============,0/0,100.00,98.31,vfdb,YP_096868,(lpg2874) Dot/Icm type IV secretion system effector [Dot/Icm (VF0156)] [Legionella pneumophila subsp. pneumophila str. Philadelphia 1],
Pontiac.fasta,NZ_CP016029.2,3400121,3401872,-,lpg2879,1-1752/1752,===============,0/0,100.00,98.34,vfdb,YP_096873,(lpg2879) Dot/Icm type IV secretion system effector [Dot/Icm (VF0156)] [Legionella pneumophila subsp. pneumophila str. Philadelphia 1],
Pontiac.fasta,NZ_CP016029.2,3406261,3406998,-,lpg2884,1-738/738,===============,0/0,100.00,97.83,vfdb,YP_096878,(lpg2884) Dot/Icm type IV secretion system effector [Dot/Icm (VF0156)] [Legionella pneumophila subsp. pneumophila str. Philadelphia 1],
Pontiac.fasta,NZ_CP016029.2,3407308,3407862,-,lpg2885,1-555/555,===============,0/0,100.00,98.56,vfdb,YP_096879,(lpg2885) Dot/Icm type IV secretion system effector [Dot/Icm (VF0156)] [Legionella pneumophila subsp. pneumophila str. Philadelphia 1],
Pontiac.fasta,NZ_CP016029.2,3410345,3412258,+,lpg2888,1-1914/1914,===============,0/0,100.00,94.31,vfdb,YP_096882,(lpg2888) Dot/Icm type IV secretion system effector [Dot/Icm (VF0156)] [Legionella pneumophila subsp. pneumophila str. Philadelphia 1],
Pontiac.fasta,NZ_CP016029.2,3438574,3440061,+,lpg2912,1-1488/1488,===============,0/0,100.00,97.78,vfdb,YP_096905,(lpg2912) Dot/Icm type IV secretion system effector [Dot/Icm (VF0156)] [Legionella pneumophila subsp. pneumophila str. Philadelphia 1],
Pontiac.fasta,NZ_CP016029.2,3463869,3464603,-,lpg2936,1-735/735,===============,0/0,100.00,96.46,vfdb,YP_096929,(lpg2936) Dot/Icm type IV secretion system effector [Dot/Icm (VF0156)] [Legionella pneumophila subsp. pneumophila str. Philadelphia 1],
Pontiac.fasta,NZ_CP016029.2,3471653,3472921,-,lpg2372,1-1269/1269,===============,0/0,100.00,97.56,vfdb,YP_096380,(lpg2372) Dot/Icm type IV secretion system effector [Dot/Icm (VF0156)] [Legionella pneumophila subsp. pneumophila str. Philadelphia 1],
Pontiac.fasta,NZ_CP016029.2,3502899,3503489,+,sodB,1-591/591,===============,0/0,100.00,98.31,vfdb,YP_096960,(sodB) superoxide dismutase [SodB (VF0169)] [Legionella pneumophila subsp. pneumophila str. Philadelphia 1],
Pontiac.fasta,NZ_CP016029.2,3510790,3513405,-,lpg2975,1-2616/2616,===============,0/0,100.00,98.39,vfdb,YP_096967,(lpg2975) Dot/Icm type IV secretion system effector [Dot/Icm (VF0156)] [Legionella pneumophila subsp. pneumophila str. Philadelphia 1],
Pontiac.fasta,NZ_CP016029.2,3537608,3538408,+,legP,1-801/801,===============,0/0,100.00,97.25,vfdb,YP_096991,(legP) Dot/Icm type IV secretion system effector LegP [Dot/Icm (SS047)] [Legionella pneumophila subsp. pneumophila str. Philadelphia 1],
Pontiac.fasta,NZ_CP016029.2,3538405,3540243,-,lpg3000,1-1839/1839,===============,0/0,100.00,97.99,vfdb,YP_096992,(lpg3000) Dot/Icm type IV secretion system effector [Dot/Icm (VF0156)] [Legionella pneumophila subsp. pneumophila str. Philadelphia 1],
